"Name","Team","Pos","Injury / Surgery Date","Injury / Surgery","Status","IL Retro Date","Eligible to Return","Return Date","Latest Update"
"Walker Buehler","LAD","SP","08/23/22","Tommy John surgery","Activated","03/17/24","04/07/24","05/06/24","Activated"
"Shane Baz","TBR","SP","09/28/22","Tommy John surgery","Activated","03/25/24","04/09/24","05/23/24","Activated"
"Lucas Gilbreath","COL","RP","03/14/23","Tommy John surgery","Activated","03/25/24","05/24/24","08/16/24","Activated"
"Cade Cavalli","WSN","SP","03/22/23","Tommy John surgery","Activated","03/28/24","05/27/24","09/30/24","Activated"
"Matt Foster","CHW","RP","Apr '23","Tommy John surgery","Activated","03/28/24","05/27/24","08/16/24","Activated"
"JT Brubaker","NYY","SP","04/12/23","Tommy John surgery","Activated","03/28/24","05/27/24","09/30/24","Activated"
"Jeffrey Springs","TBR","SP","04/24/23","Tommy John surgery","Activated","03/28/24","05/27/24","07/28/24","Activated"
"Kris Bubic","KCR","SP","04/26/23","Tommy John surgery","Activated","03/28/24","05/27/24","07/06/24","Activated"
"Lou Trivino","NYY","RP","05/03/23","Tommy John surgery","Activated","03/28/24","05/27/24","09/30/24","Activated"
"Robbie Ray","SFG","SP","05/03/23","Tommy John surgery","Activated","03/28/24","05/27/24","07/24/24","Activated"
"Germán Márquez","COL","SP","05/12/23","Tommy John surgery","Activated","03/28/24","05/27/24","07/14/24","Activated"
"José Quijada","LAA","RP","05/17/23","Tommy John surgery","Activated","03/28/24","05/27/24","07/22/24","Activated"
"Austin Warren","SFG","RP","05/17/23","Tommy John surgery","Activated","03/28/24","05/27/24","07/13/24","Activated"
"Luis Garcia","HOU","SP","05/19/23","Tommy John surgery","Activated","03/25/24","05/24/24","09/30/24","Activated"
"Tyler Mahle","TEX","SP","05/22/23","Tommy John surgery","Activated","03/28/24","05/27/24","08/06/24","Activated"
"Jacob deGrom","TEX","SP","06/12/23","Tommy John surgery","Activated","03/28/24","05/27/24","09/13/24","Activated"
"Matthew Boyd","CLE","SP","06/28/23","Tommy John surgery","Activated","06/29/24","07/14/24","08/13/24","Activated"
"Dustin May","LAD","SP","07/18/23","Tommy John revision surgery","Activated","03/20/24","05/19/24","09/30/24","Activated"
"Antonio Senzatela","COL","SP","07/26/23","Tommy John surgery","Activated","03/28/24","05/27/24","09/17/24","Activated"
"Liam Hendriks","BOS","RP","08/02/23","Tommy John surgery","Activated","03/28/24","05/27/24","09/30/24","Activated"
"Shane McClanahan","TBR","SP","08/21/23","Tommy John surgery","Activated","03/28/24","05/27/24","09/30/24","Activated"
"Tony Gonsolin","LAD","SP","09/01/23","Tommy John surgery","Activated","03/20/24","05/19/24","09/30/24","Activated"
"Jasson Domínguez","NYY","OF","09/20/23","Tommy John surgery","Activated","03/28/24","05/27/24","06/12/24","Activated"
"Drey Jameson","ARI","RP","09/27/23","Tommy John surgery","Activated","03/28/24","05/27/24","09/30/24","Activated"
"Angel Perdomo","ATL","RP","10/06/23","Tommy John surgery","Activated","03/25/24","05/24/24","09/30/24","Activated"
"Sandy Alcantara","MIA","SP","10/06/23","Tommy John surgery","Activated","03/28/24","05/27/24","09/30/24","Activated"
"Félix Bautista","BAL","RP","10/09/23","Tommy John surgery","Activated","03/28/24","05/27/24","09/30/24","Activated"
"Johan Oviedo","PIT","SP","12/06/23","Tommy John surgery","Activated","03/28/24","05/27/24","09/30/24","Activated"
"Jesse Scholtens","CHW","SP","03/01/24","Tommy John surgery","Activated","03/28/24","05/27/24","09/30/24","Activated"
"Mason Thompson","WSN","RP","03/01/24","Tommy John surgery","Activated","03/28/24","05/27/24","09/30/24","Activated"
"Jackson Kowar","SEA","RP","03/15/24","Tommy John surgery","Activated","03/28/24","05/27/24","09/30/24","Activated"
"Dauri Moreta","PIT","SP","03/21/24","Tommy John surgery","Activated","03/28/24","05/27/24","09/30/24","Activated"
"Trevor Gott","OAK","RP","04/03/24","Tommy John surgery","Activated","03/28/24","05/27/24","09/30/24","Activated"
"Eury Pérez","MIA","SP","04/08/24","Tommy John surgery","Activated","03/25/24","05/24/24","09/30/24","Activated"
"Chris Murphy","BOS","SP","04/10/24","Tommy John surgery","Activated","03/28/24","05/27/24","09/30/24","Activated"
"Shane Bieber","CLE","SP","04/12/24","Tommy John surgery","Activated","04/03/24","06/02/24","09/30/24","Activated"
"Robert Stephenson","LAA","RP","04/30/24","Tommy John surgery","Activated","03/25/24","05/24/24","09/30/24","Activated"
"Luis Patiño","SDP","RP","04/30/24","Tommy John surgery","Activated","03/17/24","05/22/24","09/30/24","Activated"
"Wade Miley","MIL","SP","05/07/24","Tommy John surgery","Activated","04/19/24","06/18/24","09/30/24","Activated"
"Matt Brash","SEA","RP","05/08/24","Tommy John surgery","Activated","03/25/24","05/24/24","09/30/24","Activated"
"Ken Waldichuk","OAK","SP","05/15/24","Tommy John surgery/ flexor tendon surgery","Activated","03/28/24","05/27/24","09/30/24","Activated"
"Emmet Sheehan","LAD","SP","05/16/24","Tommy John surgery","Activated","03/17/24","05/22/24","09/30/24","Activated"
"Brooks Raley","NYM","RP","05/29/24","Tommy John surgery (internal brace)","Activated","04/20/24","06/19/24","09/30/24","Activated"
"John Means","BAL","SP","06/03/24","Tommy John surgery","Activated","05/23/24","07/22/24","09/30/24","Activated"
"José Urquidy","HOU","SP","06/05/24","Tommy John surgery","Activated","03/25/24","05/24/24","09/30/24","Activated"
"Cristian Javier","HOU","SP","06/06/24","Tommy John surgery","Activated","05/24/24","07/23/24","09/30/24","Activated"
"Kyle Bradish","BAL","SP","06/19/24","Tommy John surgery","Activated","06/15/24","08/14/24","09/30/24","Activated"
"Robert Gasser","MIL","SP","06/24/24","Tommy John surgery","Activated","06/02/24","08/01/24","09/30/24","Activated"
"Ray Kerr","ATL","RP","Jul '24","Tommy John surgery","Activated","06/16/24","08/15/24","09/30/24","Activated"
"Luis F. Ortiz","PHI","RP","07/11/24","Tommy John surgery","Activated","03/31/24","05/30/24","09/30/24","Activated"
"Drew Smith","NYM","RP","07/12/24","Tommy John surgery (internal brace)","Activated","06/24/24","08/23/24","09/30/24","Activated"
"Josiah Gray","WSN","SP","07/24/24","Tommy John surgery (internal brace)","Activated","04/06/24","06/05/24","09/30/24","Activated"
"Adbert Alzolay","CHC","RP","Aug '24","Tommy John surgery","Activated","05/13/24","07/12/24","09/30/24","Activated"
"River Ryan","LAD","SP","Aug '24","Tommy John surgery","Activated","08/11/24","10/10/24","09/30/24","Activated"
"Brandon Williamson","CIN","SP","Sep '24","Tommy John surgery","Activated","09/18/24","11/17/24","09/30/24","Activated"
"Christian Scott","NYM","SP","Sep '24","Tommy John surgery (internal brace)","Activated","07/22/24","09/20/24","09/30/24","Activated"
"Randal Grichuk","ARI","OF","Jan '24","Ankle procedure (bone spur removal)","Activated","03/25/24","04/04/24","04/05/24","Activated"
"Darell Hernaiz","OAK","INF","05/07/24","Sprained ankle","Activated","05/08/24","07/07/24","08/02/24","Activated"
"Wilyer Abreu","BOS","OF","06/02/24","Sprained ankle","Activated","06/03/24","06/13/24","06/22/24","Activated"
"Tommy Pham","CHW","OF","06/02/24","Sprained ankle","Activated","06/03/24","06/13/24","06/14/24","Activated"
"Sean Bouchard","COL","OF","06/05/24","Sprained ankle","Activated","06/06/24","06/16/24","06/19/24","Activated"
"Kyle Harrison","SFG","SP","06/16/24","Sprained ankle","Activated","06/13/24","06/28/24","07/06/24","Activated"
"MJ Melendez","KCR","OF","07/14/24","Sprained ankle","Activated","07/15/24","07/25/24","07/28/24","Activated"
"Dane Myers","MIA","OF","07/14/24","Fractured ankle","Activated","07/15/24","09/13/24","09/24/24","Activated"
"Julio Rodríguez","SEA","OF","07/21/24","Sprained ankle","Activated","07/22/24","08/01/24","08/11/24","Activated"
"Ketel Marte","ARI","2B","08/18/24","Sprained ankle","Activated","08/19/24","08/29/24","09/06/24","Activated"
"Ramón Urías","BAL","INF","08/31/24","Sprained ankle","Activated","09/01/24","09/11/24","09/22/24","Activated"
"Grant Anderson","TEX","RP","09/04/24","Ankle contusion","Activated","09/05/24","09/20/24","09/30/24","Activated"
"Brennen Davis","CHC","OF","09/10/24","Fractured ankle","Activated","09/13/24","11/12/24","09/30/24","Activated"
"Scott Effross","NYY","RP","Dec '23","Back surgery","Activated","03/28/24","05/27/24","07/15/24","Activated"
"Max Scherzer","TEX","SP","12/14/23","Back surgery (herniated disc)","Activated","03/25/24","05/24/24","06/23/24","Activated"
"Alex Young","CIN","RP","Feb '24","Back tightness","Activated","03/25/24","05/24/24","05/28/24","Activated"
"Jose A. Ferrer","WSN","RP","Mar '24","Strained upper back","Activated","03/28/24","05/27/24","07/19/24","Activated"
"Devin Williams","MIL","RP","03/05/24","Stress fractures in back","Activated","03/25/24","05/24/24","07/28/24","Activated"
"Rafael Marchán","PHI","C","03/07/24","Back discomfort","Activated","03/25/24","04/04/24","05/27/24","Activated"
"Jameson Taillon","CHC","SP","03/09/24","Strained lower back","Activated","03/25/24","04/09/24","04/18/24","Activated"
"Patrick Wisdom","CHC","INF/OF","03/13/24","Strained back","Activated","03/25/24","04/04/24","04/18/24","Activated"
"Michael Massey","KCR","2B","03/16/24","Lower back tightness","Activated","03/25/24","04/04/24","04/19/24","Activated"
"Luke Jackson","SFG","RP","03/28/24","Strained lower back","Activated","03/29/24","04/13/24","04/22/24","Activated"
"Jason Heyward","LAD","OF","03/30/24","Lower back tightness","Activated","03/31/24","04/10/24","05/17/24","Activated"
"Cody Bradford","TEX","SP","04/10/24","Strained lower back/ Rib stress fracture","Activated","04/11/24","06/10/24","07/29/24","Activated"
"Christian Yelich","MIL","OF","04/12/24","Strained lower back","Activated","04/13/24","04/23/24","05/08/24","Activated"
"Kris Bryant","COL","1B/OF","04/13/24","Strained lower back","Activated","04/14/24","04/24/24","05/21/24","Activated"
"Kyle Hendricks","CHC","SP","04/21/24","Strained lower back","Activated","04/22/24","05/07/24","05/12/24","Activated"
"Colin Poche","TBR","RP","04/23/24","Back tightness","Activated","04/24/24","05/09/24","06/08/24","Activated"
"Nolan Jones","COL","OF","04/28/24","Strained lower back","Activated","04/29/24","05/09/24","06/14/24","Activated"
"Yariel Rodríguez","TOR","SP","04/29/24","Back inflammation (thoracic spine)","Activated","04/30/24","05/15/24","06/21/24","Activated"
"Steven Matz","STL","SP","04/30/24","Strained lower back","Activated","05/01/24","06/30/24","09/01/24","Activated"
"Danny Mendick","CHW","INF/OF","05/01/24","Lower back tightness","Activated","05/02/24","05/12/24","05/17/24","Activated"
"Dominic Leone","CHW","RP","05/04/24","Lower back tightness","Activated","05/05/24","05/20/24","05/20/24","Activated"
"Joe Boyle","OAK","SP","05/05/24","Strained lower back","Activated","05/06/24","05/21/24","06/05/24","Activated"
"Ke'Bryan Hayes","PIT","3B","05/07/24","Back inflammation","Activated","05/08/24","05/18/24","05/28/24","Activated"
"Ehire Adrianza","LAA","INF","05/08/24","Back spasms","Activated","05/09/24","05/19/24","06/15/24","Activated"
"Tim Anderson","MIA","SS","05/10/24","Lower back tightness","Activated","05/11/24","05/21/24","05/21/24","Activated"
"Colten Brewer","CHC","RP","05/12/24","Strained lower back","Activated","05/14/24","05/29/24","06/11/24","Activated"
"Zach Eflin","TBR","SP","05/18/24","Lower back inflammation","Activated","05/19/24","06/03/24","06/05/24","Activated"
"Steven Wilson","CHW","RP","05/19/24","Strained back","Activated","05/20/24","06/04/24","06/12/24","Activated"
"Joe Ross","MIL","SP","05/20/24","Strained lower back","Activated","05/21/24","07/20/24","07/30/24","Activated"
"Michael Massey","KCR","2B","05/24/24","Sprained lower back","Activated","05/25/24","06/04/24","06/24/24","Activated"
"Evan Carter","TEX","OF","05/26/24","Lower back tightness","Activated","05/27/24","07/26/24","09/30/24","Activated"
"Kody Clemens","PHI","INF/OF","06/02/24","Lower back spasms","Activated","05/31/24","06/10/24","06/28/24","Activated"
"Javier Báez","DET","SS","06/08/24","Back inflammation (lumbar spine)","Activated","06/09/24","06/19/24","07/08/24","Activated"
"Alex Kirilloff","MIN","1B/OF","06/11/24","Back discomfort","Activated","06/12/24","08/11/24","09/30/24","Activated"
"Oliver Dunn","MIL","INF/OF","06/12/24","Strained back","Activated","06/19/24","08/18/24","09/30/24","Activated"
"Nick Sandlin","CLE","RP","06/16/24","Lower back inflammation","Activated","06/17/24","07/02/24","07/04/24","Activated"
"Iván Herrera","STL","C","06/18/24","Lower back tightness","Activated","06/19/24","06/29/24","07/12/24","Activated"
"Otto Lopez","MIA","INF","06/30/24","Lower back inflammation","Activated","07/01/24","07/11/24","07/19/24","Activated"
"Luke Maile","CIN","C","07/04/24","Herniated disc in back","Activated","07/05/24","07/15/24","08/02/24","Activated"
"Tyler Glasnow","LAD","SP","07/05/24","Lower back tightness","Activated","07/06/24","07/21/24","07/24/24","Activated"
"Jose Miranda","MIN","3B/1B","07/10/24","Strained lower back","Activated","07/11/24","07/21/24","07/27/24","Activated"
"Nolan Jones","COL","OF","07/11/24","Strained lower back","Activated","07/12/24","07/22/24","08/18/24","Activated"
"Ranger Suárez","PHI","SP","07/22/24","Lower back soreness","Activated","07/24/24","08/08/24","08/24/24","Activated"
"Trevor Megill","MIL","RP","07/23/24","Strained lower back","Activated","07/26/24","08/10/24","08/20/24","Activated"
"Anthony Rendon","LAA","3B","07/26/24","Lower back inflammation","Activated","07/27/24","08/06/24","08/06/24","Activated"
"Hunter Harvey","KCR","RP","08/04/24","Back tightness","Activated","08/07/24","08/22/24","09/30/24","Activated"
"Matt Carpenter","STL","1B","08/07/24","Strained lower back","Activated","08/09/24","08/19/24","08/20/24","Activated"
"Kris Bryant","COL","1B/OF","08/10/24","Strained back","Activated","08/11/24","08/21/24","09/30/24","Activated"
"Ryan Pressly","HOU","RP","08/13/24","Strained lower back","Activated","08/14/24","08/29/24","08/29/24","Activated"
"Steven Wilson","CHW","RP","08/14/24","Strained lower back","Activated","08/15/24","08/30/24","09/30/24","Activated"
"Christian Yelich","MIL","OF","08/16/24","Back surgery","Activated","07/24/24","09/22/24","09/30/24","Activated"
"Ke'Bryan Hayes","PIT","3B","08/17/24","Lower back inflammation","Activated","08/18/24","08/28/24","09/30/24","Activated"
"Luis Gil","NYY","SP","08/20/24","Strained lower back","Activated","08/21/24","09/05/24","09/05/24","Activated"
"Xavier Edwards","MIA","SS","08/23/24","Back discomfort","Activated","08/24/24","09/03/24","09/03/24","Activated"
"Will Smith","KCR","RP","08/25/24","Lower back spasms","Activated","08/26/24","09/10/24","09/30/24","Activated"
"Edmundo Sosa","PHI","INF","09/06/24","Back spasms","Activated","09/07/24","09/17/24","09/17/24","Activated"
"Ross Stripling","OAK","RP","09/08/24","Strained lower back","Activated","09/09/24","09/24/24","09/27/24","Activated"
"Matt Foster","CHW","RP","09/11/24","Lower back disc herniation","Activated","09/12/24","09/27/24","09/30/24","Activated"
"Steven Kwan","CLE","OF","09/12/24","Back inflammation","Activated","09/14/24","09/24/24","09/25/24","Activated"
"Mason McCoy","SDP","INF","09/14/24","Back inflammation","Activated","09/19/24","09/29/24","09/30/24","Activated"
"Tayler Scott","HOU","RP","09/16/24","Strained back","Activated","09/18/24","10/03/24","09/30/24","Activated"
"Jose Miranda","MIN","3B/1B","09/24/24","Strained lower back","Activated","09/25/24","10/05/24","09/30/24","Activated"
"Aledmys Díaz","OAK","INF/OF","02/26/24","Strained calf","Activated","03/25/24","05/24/24","05/28/24","Activated"
"Nick Lodolo","CIN","SP","03/16/24","Calf tenosynovitis","Activated","03/25/24","04/09/24","04/13/24","Activated"
"Josh Staumont","MIN","RP","03/25/24","Strained calf","Activated","03/26/24","04/10/24","04/19/24","Activated"
"John Brebbia","CHW","RP","04/05/24","Strained calf","Activated","04/06/24","04/21/24","04/22/24","Activated"
"Austin Hays","BAL","OF","04/20/24","Strained calf","Activated","04/21/24","05/01/24","05/13/24","Activated"
"Ryan Brasier","LAD","RP","04/27/24","Strained calf","Activated","04/28/24","06/27/24","08/17/24","Activated"
"Jon Berti","NYY","INF/OF","05/24/24","Strained calf","Activated","05/25/24","07/24/24","09/09/24","Activated"
"Elias Díaz","COL","C","06/10/24","Strained calf","Activated","06/11/24","06/21/24","06/30/24","Activated"
"Bo Bichette","TOR","SS","06/14/24","Strained calf","Activated","06/15/24","06/25/24","06/25/24","Activated"
"Gary Sánchez","MIL","C","06/23/24","Strained calf","Activated","06/24/24","07/04/24","07/24/24","Activated"
"Bo Bichette","TOR","SS","07/19/24","Strained calf","Activated","07/20/24","07/30/24","09/17/24","Activated"
"Kodai Senga","NYM","SP","07/26/24","Strained calf","Activated","07/27/24","09/25/24","09/30/24","Activated"
"Tyler O'Neill","BOS","OF","08/02/24","Calf infection","Activated","08/04/24","08/14/24","08/17/24","Activated"
"James Paxton","BOS","SP","08/11/24","Strained calf","Activated","08/12/24","10/11/24","09/30/24","Activated"
"Blake Perkins","MIL","OF","08/11/24","Strained calf","Activated","08/12/24","08/22/24","08/22/24","Activated"
"Lourdes Gurriel Jr.","ARI","OF","09/01/24","Strained calf","Activated","09/02/24","09/12/24","09/20/24","Activated"
"Ian Hamilton","NYY","RP","05/20/24","COVID-19 symptoms","Activated","05/19/24","05/26/24","05/28/24","Activated"
"Cooper Criswell","BOS","RP","08/09/24","COVID-19","Activated","08/08/24","08/15/24","08/16/24","Activated"
"Carson Coleman","TEX","RP","Apr '23","Elbow surgery","Activated","03/28/24","05/27/24","09/30/24","Activated"
"Penn Murfee","HOU","RP","Jun '23","Elbow surgery (UCL)","Activated","03/25/24","05/24/24","09/30/24","Activated"
"Lance McCullers Jr.","HOU","SP","06/13/23","Elbow surgery (flexor tendon/bone spur)","Activated","03/28/24","05/27/24","09/30/24","Activated"
"Drew Rasmussen","TBR","SP","Jul '23","Elbow surgery (internal brace)","Activated","03/28/24","05/27/24","08/07/24","Activated"
"Endy Rodríguez","PIT","C","12/12/23","Elbow/Flexor tendon surgery","Activated","03/28/24","05/27/24","09/30/24","Activated"
"Kyle Bradish","BAL","SP","Jan '24","Sprained elbow","Activated","03/25/24","04/09/24","05/02/24","Activated"
"Sean Hjelle","SFG","SP","02/28/24","Strained elbow","Activated","03/25/24","04/09/24","04/20/24","Activated"
"Trevor Stephan","CLE","RP","Mar '24","Elbow surgery (UCL)","Activated","03/25/24","05/24/24","09/30/24","Activated"
"Gerrit Cole","NYY","SP","03/01/24","Elbow inflammation","Activated","03/28/24","05/27/24","06/19/24","Activated"
"Gavin Williams","CLE","SP","03/10/24","Elbow inflammation","Activated","03/25/24","05/24/24","06/30/24","Activated"
"Jordan Romano","TOR","RP","03/10/24","Elbow inflammation","Activated","03/25/24","04/09/24","04/16/24","Activated"
"Lucas Giolito","BOS","SP","03/12/24","Elbow surgery (internal brace)","Activated","03/28/24","05/27/24","09/30/24","Activated"
"Carmen Mlodzinski","PIT","RP","03/13/24","Elbow inflammation","Activated","03/25/24","04/09/24","04/10/24","Activated"
"Bryan Woo","SEA","SP","03/23/24","Elbow inflammation","Activated","03/25/24","04/09/24","05/10/24","Activated"
"Anthony DeSclafani","MIN","SP","03/29/24","Elbow/Flexor tendon surgery","Activated","03/25/24","05/24/24","09/30/24","Activated"
"Jonathan Loáisiga","NYY","RP","Apr' '24","Elbow surgery (internal brace)","Activated","04/04/24","06/03/24","09/30/24","Activated"
"Framber Valdez","HOU","SP","04/02/24","Elbow inflammation","Activated","04/06/24","04/21/24","04/27/24","Activated"
"Nick Pivetta","BOS","SP","04/03/24","Strained elbow flexor","Activated","04/06/24","04/21/24","05/08/24","Activated"
"Chase Silseth","LAA","SP","04/07/24","Elbow inflammation","Activated","04/08/24","06/07/24","06/25/24","Activated"
"Spencer Strider","ATL","SP","04/12/24","Elbow surgery (internal brace)","Activated","04/06/24","06/05/24","09/30/24","Activated"
"Tejay Antone","CIN","RP","04/12/24","Elbow surgery (UCL/flexor tendon repair)","Activated","04/08/24","06/07/24","09/30/24","Activated"
"Huascar Ynoa","ATL","SP","04/14/24","Stress reaction in elbow","Activated","06/16/24","08/15/24","09/30/24","Activated"
"Kyle Freeland","COL","SP","04/14/24","Strained elbow","Activated","04/16/24","06/15/24","06/23/24","Activated"
"Ryne Nelson","ARI","SP","04/18/24","Elbow contusion","Activated","04/19/24","05/04/24","05/05/24","Activated"
"Jesús Luzardo","MIA","SP","04/20/24","Elbow tightness","Activated","04/23/24","05/08/24","05/11/24","Activated"
"Sawyer Gipson-Long","DET","SP","04/22/24","Elbow surgery (internal brace)","Activated","03/25/24","05/24/24","09/30/24","Activated"
"Josh Simpson","MIA","RP","04/23/24","Elbow surgery (ulnar neuritis)","Activated","03/25/24","05/24/24","09/03/24","Activated"
"Alec Marsh","KCR","SP","04/24/24","Elbow contusion","Activated","04/25/24","05/10/24","05/10/24","Activated"
"Pierce Johnson","ATL","RP","04/29/24","Elbow inflammation","Activated","05/01/24","05/16/24","05/18/24","Activated"
"Joe Musgrove","SDP","SP","05/01/24","Elbow inflammation","Activated","05/02/24","05/17/24","05/21/24","Activated"
"Tyler Matzek","SFG","RP","05/04/24","Elbow inflammation","Activated","05/05/24","07/04/24","08/30/24","Activated"
"Daniel Duarte","MIN","RP","05/08/24","Elbow surgery (UCL revision)","Activated","04/04/24","06/03/24","09/30/24","Activated"
"Jake Bird","COL","RP","05/17/24","Elbow inflammation","Activated","05/18/24","06/02/24","06/17/24","Activated"
"Nick Robertson","STL","RP","05/19/24","Elbow inflammation","Activated","05/23/24","06/07/24","06/24/24","Activated"
"Dominic Leone","CHW","RP","05/20/24","Elbow inflammation","Activated","05/21/24","07/20/24","08/05/24","Activated"
"Ross Stripling","OAK","SP","05/24/24","Strained elbow","Activated","05/25/24","06/09/24","07/25/24","Activated"
"Joe Musgrove","SDP","SP","05/26/24","Elbow inflammation","Activated","05/29/24","07/28/24","08/12/24","Activated"
"Eli Morgan","CLE","RP","05/29/24","Elbow inflammation","Activated","05/30/24","06/14/24","06/29/24","Activated"
"Garrett Whitlock","BOS","SP","05/30/24","Elbow surgery (internal brace)","Activated","04/17/24","06/16/24","09/30/24","Activated"
"Blake Walston","ARI","SP","06/04/24","Elbow inflammation","Activated","06/05/24","06/20/24","08/12/24","Activated"
"Hurston Waldrep","ATL","SP","06/16/24","Elbow inflammation","Activated","06/17/24","07/02/24","07/29/24","Activated"
"Yimi García","TOR","RP","06/16/24","Elbow ulnar neuritis","Activated","06/17/24","07/02/24","07/19/24","Activated"
"Tyler Wells","BAL","SP","06/17/24","Elbow surgery (internal brace)","Activated","04/13/24","06/12/24","09/30/24","Activated"
"Alek Manoah","TOR","SP","06/17/24","Elbow surgery (internal brace)","Activated","05/30/24","07/29/24","09/30/24","Activated"
"Brendan White","DET","RP","06/18/24","Strained elbow","Activated","08/13/24","10/12/24","09/30/24","Activated"
"Danny Coulombe","BAL","RP","06/19/24","Elbow surgery (bone chip removal)","Activated","06/09/24","08/08/24","09/20/24","Activated"
"Oliver Ortega","HOU","RP","06/26/24","Elbow surgery (loose body removal)","Activated","03/25/24","05/24/24","09/30/24","Activated"
"Patrick Sandoval","LAA","SP","06/26/24","Elbow surgery (UCL)","Activated","06/22/24","08/21/24","09/30/24","Activated"
"Tom Cosgrove","SDP","RP","06/26/24","Elbow inflammation","Activated","06/27/24","07/12/24","07/25/24","Activated"
"Chris Martin","BOS","RP","07/03/24","Elbow inflammation","Activated","07/04/24","07/19/24","08/07/24","Activated"
"Jordan Romano","TOR","RP","07/03/24","Arthroscopic elbow surgery","Activated","05/30/24","07/29/24","09/30/24","Activated"
"Daulton Jefferies","PIT","RP","07/05/24","Elbow inflammation","Activated","07/06/24","09/04/24","09/30/24","Activated"
"Justin Slaten","BOS","RP","07/07/24","Elbow inflammation","Activated","07/09/24","07/24/24","08/26/24","Activated"
"Graham Ashcraft","CIN","SP","07/07/24","Strained elbow","Activated","07/08/24","09/06/24","09/30/24","Activated"
"Reed Garrett","NYM","RP","07/09/24","Elbow inflammation","Activated","07/10/24","07/25/24","08/10/24","Activated"
"Max Fried","ATL","SP","07/11/24","Elbow neuritis","Activated","07/18/24","08/02/24","08/04/24","Activated"
"Isaiah Campbell","BOS","RP","07/13/24","Elbow inflammation","Activated","09/07/24","11/06/24","09/30/24","Activated"
"Andrew Wantz","LAA","RP","07/13/24","Elbow surgery","Activated","07/01/24","08/30/24","09/30/24","Activated"
"Germán Márquez","COL","SP","07/14/24","Elbow inflammation","Activated","07/19/24","09/17/24","09/30/24","Activated"
"Rob Zastryzny","MIL","RP","07/24/24","Elbow tendinitis","Activated","07/25/24","09/23/24","09/30/24","Activated"
"Keaton Winn","SFG","SP","07/29/24","Elbow surgery (ulnar nerve transpositon)","Activated","06/21/24","08/20/24","09/30/24","Activated"
"Bryce Jarvis","ARI","RP","07/30/24","Sprained elbow","Activated","07/31/24","09/29/24","09/30/24","Activated"
"Jacob Webb","BAL","RP","08/02/24","Elbow inflammation","Activated","08/04/24","08/19/24","09/15/24","Activated"
"Luis Medina","OAK","SP","08/07/24","Sprained elbow","Activated","07/12/24","09/10/24","09/30/24","Activated"
"Dakota Hudson","COL","SP","08/10/24","Elbow inflammation","Activated","08/11/24","10/10/24","09/30/24","Activated"
"Jhony Brito","SDP","SP","08/10/24","Strained elbow","Activated","09/22/24","11/21/24","09/30/24","Activated"
"Tyler Glasnow","LAD","SP","08/11/24","Sprained elbow","Activated","08/13/24","10/12/24","09/30/24","Activated"
"Jazz Chisholm Jr.","NYY","3B","08/12/24","Sprained elbow (non-throwing)","Activated","08/13/24","08/23/24","08/23/24","Activated"
"Cam Booser","BOS","RP","08/13/24","Elbow inflammation","Activated","08/14/24","08/29/24","09/11/24","Activated"
"Hunter Greene","CIN","SP","08/13/24","Elbow soreness","Activated","08/14/24","08/29/24","09/22/24","Activated"
"Randy Rodríguez","SFG","RP","08/13/24","Elbow inflammation","Activated","08/14/24","08/29/24","09/27/24","Activated"
"Dominic Leone","CHW","RP","08/14/24","Sprained elbow","Activated","08/15/24","10/14/24","09/30/24","Activated"
"Yimi García","SEA","RP","08/19/24","Elbow inflammation","Activated","08/20/24","10/19/24","09/30/24","Activated"
"Andrew Nardi","MIA","RP","08/21/24","Elbow discomfort","Activated","08/22/24","10/21/24","09/30/24","Activated"
"Carson Fulmer","LAA","SP","08/24/24","Elbow inflammation","Activated","08/27/24","09/11/24","09/30/24","Activated"
"Luis García","BOS","RP","08/26/24","Elbow inflammation","Activated","08/27/24","09/11/24","09/21/24","Activated"
"Justin Steele","CHC","SP","08/27/24","Elbow tendinitis","Activated","09/01/24","09/16/24","09/18/24","Activated"
"Jorge Mateo","BAL","INF/OF","08/28/24","Elbow surgery (internal brace)","Activated","07/24/24","09/22/24","09/30/24","Activated"
"Jeffrey Springs","TBR","SP","09/03/24","Elbow fatigue","Activated","09/05/24","09/20/24","09/30/24","Activated"
"Drew Thorpe","CHW","SP","09/07/24","Elbow surgery (bone spur removal)","Activated","08/01/24","08/16/24","09/30/24","Activated"
"Brennan Bernardino","BOS","RP","09/10/24","Elbow inflammation","Activated","09/11/24","09/26/24","09/30/24","Activated"
"John McMillon","MIA","RP","09/11/24","Elbow tightness","Activated","09/12/24","09/27/24","09/30/24","Activated"
"James McArthur","KCR","RP","09/16/24","Sprained elbow","Activated","09/17/24","10/02/24","09/30/24","Activated"
"Tyler Kinley","COL","RP","09/18/24","Elbow inflammation","Activated","09/19/24","10/04/24","09/30/24","Activated"
"Nestor Cortes","NYY","SP","09/18/24","Strained elbow flexor","Activated","09/22/24","10/07/24","09/30/24","Activated"
"Julian Aguiar","CIN","SP","09/19/24","Sprained elbow","Activated","09/21/24","10/06/24","09/30/24","Activated"
"John Means","BAL","SP","Oct '23","Strained forearm","Activated","03/25/24","04/09/24","05/01/24","Activated"
"Shawn Dubin","HOU","SP","Feb '24","Strained forearm","Activated","03/25/24","04/09/24","04/13/24","Activated"
"Orion Kerkering","PHI","RP","03/01/24","Strained forearm","Activated","03/25/24","04/09/24","04/14/24","Activated"
"Erik Swanson","TOR","RP","03/13/24","Forearm inflammation","Activated","03/25/24","04/09/24","04/16/24","Activated"
"Riley O'Brien","STL","RP","03/28/24","Strained forearm flexor","Activated","03/29/24","05/28/24","08/11/24","Activated"
"Daniel Bard","COL","RP","Apr '24","Flexor tendon surgery","Activated","03/25/24","05/24/24","09/30/24","Activated"
"Luis Robert Jr.","CHW","OF","04/05/24","Strained hip flexor","Activated","04/06/24","04/16/24","06/04/24","Activated"
"Marco Gonzales","PIT","SP","04/13/24","Strained forearm","Activated","04/14/24","06/13/24","07/12/24","Activated"
"Frankie Montas","CIN","SP","04/21/24","Forearm contusion","Activated","04/22/24","05/07/24","05/07/24","Activated"
"Jordan Wicks","CHC","SP","04/23/24","Strained forearm","Activated","04/25/24","05/10/24","06/07/24","Activated"
"Kevin Kiermaier","TOR","OF","04/23/24","Hip flexor inflammation","Activated","04/24/24","05/04/24","05/04/24","Activated"
"Bowden Francis","TOR","RP","04/24/24","Forearm tendinitis","Activated","04/25/24","05/10/24","06/04/24","Activated"
"Willson Contreras","STL","C","05/08/24","Forearm surgery (fracture)","Activated","05/08/24","05/18/24","06/24/24","Activated"
"Ian Gibaut","CIN","RP","05/09/24","Forearm surgery (Anterior interosseous nerve relea","Activated","03/25/24","05/24/24","09/24/24","Activated"
"Keaton Winn","SFG","SP","05/14/24","Strained forearm","Activated","05/15/24","05/30/24","06/09/24","Activated"
"Trevor Williams","WSN","SP","05/30/24","Strained forearm flexor","Activated","06/01/24","07/31/24","09/20/24","Activated"
"Richard Lovelady","TBR","RP","06/07/24","Strained forearm flexor","Activated","06/08/24","06/23/24","08/08/24","Activated"
"Keynan Middleton","STL","RP","06/11/24","Flexor tendon surgery","Activated","03/25/24","05/24/24","09/30/24","Activated"
"Anthony Rizzo","NYY","1B","06/16/24","Fractured forearm","Activated","06/17/24","08/16/24","09/01/24","Activated"
"Braxton Garrett","MIA","SP","06/17/24","Strained forearm flexor","Activated","06/20/24","08/19/24","09/30/24","Activated"
"Mark Leiter Jr.","CHC","RP","06/19/24","Strained forearm","Activated","06/20/24","07/05/24","07/09/24","Activated"
"Victor Caratini","HOU","C","06/19/24","Strained hip flexor","Activated","06/20/24","06/30/24","07/22/24","Activated"
"Javier Assad","CHC","SP","06/23/24","Strained forearm","Activated","06/24/24","07/09/24","07/13/24","Activated"
"Jared Koenig","MIL","RP","06/28/24","Forearm tendinitis","Activated","06/29/24","07/14/24","07/21/24","Activated"
"Enoli Paredes","MIL","RP","07/02/24","Forearm tendinitis","Activated","07/03/24","09/01/24","09/12/24","Activated"
"Chris Paddack","MIN","SP","07/14/24","Strained forearm","Activated","07/16/24","09/14/24","09/30/24","Activated"
"Hayden Wesneski","CHC","SP","07/19/24","Strained forearm","Activated","07/20/24","08/04/24","09/20/24","Activated"
"Miguel Rojas","LAD","INF","07/21/24","Forearm tightness","Activated","07/22/24","08/01/24","08/07/24","Activated"
"Dedniel Núñez","NYM","RP","07/23/24","Strained forearm","Activated","07/24/24","08/08/24","08/23/24","Activated"
"Reynaldo López","ATL","SP","07/28/24","Forearm inflammation","Activated","08/02/24","08/17/24","08/19/24","Activated"
"Stephen Kolek","SDP","RP","07/30/24","Forearm tendonitis","Activated","07/31/24","09/29/24","09/30/24","Activated"
"Jacob Latz","TEX","RP","08/02/24","Forearm tightness","Activated","08/03/24","08/18/24","09/18/24","Activated"
"Austin Adams","OAK","RP","08/13/24","Forearm tendinitis","Activated","08/14/24","08/29/24","09/30/24","Activated"
"Derek Law","WSN","RP","08/16/24","Strained flexor","Activated","08/17/24","09/01/24","09/02/24","Activated"
"Nick Mears","MIL","RP","08/22/24","Forearm inflammation","Activated","08/23/24","09/07/24","09/26/24","Activated"
"Dedniel Núñez","NYM","RP","08/24/24","Forearm tightness","Activated","08/26/24","09/10/24","09/30/24","Activated"
"Matt Moore","LAA","RP","08/25/24","Strained forearm","Activated","08/26/24","10/25/24","09/30/24","Activated"
"Osvaldo Bido","OAK","SP","09/07/24","Wrist flexor tendinitis","Activated","09/08/24","09/23/24","09/30/24","Activated"
"Chris Stratton","KCR","RP","09/13/24","Strained forearm flexor","Activated","09/14/24","09/29/24","09/30/24","Activated"
"Marco Gonzales","PIT","SP","09/13/24","Flexor tendon surgery","Activated","08/09/24","10/08/24","09/30/24","Activated"
"Sonny Gray","STL","SP","09/18/24","Forearm flexor tendinits","Activated","09/19/24","10/04/24","09/30/24","Activated"
"Rob Refsnyder","BOS","OF","09/19/24","Strained forearm","Activated","09/20/24","09/30/24","09/30/24","Activated"
"JoJo Romero","STL","RP","09/21/24","Forearm inflammation","Activated","09/22/24","10/07/24","09/30/24","Activated"
"Xavier Edwards","MIA","INF/OF","03/05/24","Foot infection","Activated","03/25/24","05/24/24","05/27/24","Activated"
"DJ LeMahieu","NYY","INF","03/16/24","Fractured foot (non-displaced)","Activated","03/25/24","05/24/24","05/28/24","Activated"
"Paul Blackburn","OAK","SP","05/10/24","Stress reaction in foot (fifth metatarsal)","Activated","05/11/24","07/10/24","07/26/24","Activated"
"Michael Wacha","KCR","SP","05/31/24","Fractured foot (non-displaced)","Activated","06/01/24","06/16/24","06/22/24","Activated"
"Alex Call","WSN","OF","08/23/24","Foot discomfort (partially torn plantar fascia)","Activated","08/24/24","09/03/24","09/30/24","Activated"
"Jon Gray","TEX","SP","08/30/24","Foot discomfort","Activated","08/31/24","10/30/24","09/30/24","Activated"
"Eloy Jiménez","CHW","OF","03/31/24","Strained groin","Activated","04/02/24","04/12/24","04/15/24","Activated"
"Yoán Moncada","CHW","3B","04/09/24","Strained groin","Activated","04/10/24","06/09/24","09/16/24","Activated"
"Jon Berti","NYY","INF/OF","04/10/24","Strained groin","Activated","04/11/24","04/21/24","05/04/24","Activated"
"J.D. Davis","OAK","3B/1B","04/14/24","Strained groin","Activated","04/15/24","04/25/24","05/03/24","Activated"
"Blake Snell","SFG","SP","04/19/24","Strained groin","Activated","04/21/24","05/06/24","05/22/24","Activated"
"Nathan Eovaldi","TEX","SP","05/02/24","Strained groin","Activated","05/03/24","05/18/24","05/28/24","Activated"
"Nick Lodolo","CIN","SP","05/11/24","Strained groin","Activated","05/12/24","05/27/24","05/27/24","Activated"
"Jon Gray","TEX","RP","05/21/24","Strained groin","Activated","05/22/24","06/06/24","06/08/24","Activated"
"Martín Pérez","PIT","SP","05/26/24","Strained groin","Activated","05/27/24","06/11/24","06/28/24","Activated"
"Yu Darvish","SDP","SP","05/29/24","Strained groin","Activated","05/30/24","06/14/24","09/04/24","Activated"
"Blake Snell","SFG","SP","06/02/24","Strained groin","Activated","06/03/24","06/18/24","07/09/24","Activated"
"Mike Tauchman","CHC","OF","06/17/24","Strained groin","Activated","06/18/24","06/28/24","07/19/24","Activated"
"Jake Bird","COL","RP","06/22/24","Strained groin","Activated","06/23/24","07/08/24","07/10/24","Activated"
"Kyle Schwarber","PHI","DH","06/27/24","Strained groin","Activated","06/28/24","07/08/24","07/09/24","Activated"
"Royce Lewis","MIN","3B","07/02/24","Strained groin","Activated","07/03/24","07/13/24","07/26/24","Activated"
"Wandy Peralta","SDP","SP","07/09/24","Strained groin","Activated","07/10/24","07/25/24","09/01/24","Activated"
"Dominic Canzone","SEA","OF","07/09/24","Strained groin","Activated","07/10/24","07/20/24","08/08/24","Activated"
"Chris Taylor","LAD","INF/OF","07/24/24","Strained groin","Activated","07/25/24","08/04/24","08/22/24","Activated"
"Nick Gonzales","PIT","2B","07/27/24","Strained groin","Activated","07/28/24","08/07/24","08/26/24","Activated"
"Jon Gray","TEX","SP","07/28/24","Strained groin","Activated","07/29/24","08/13/24","08/20/24","Activated"
"Gabriel Moreno","ARI","C","08/05/24","Strained groin","Activated","08/06/24","08/16/24","09/15/24","Activated"
"Manuel Margot","MIN","OF","08/31/24","Strained groin","Activated","09/01/24","09/11/24","09/11/24","Activated"
"Jorge López","CHC","RP","09/02/24","Strained groin","Activated","09/03/24","09/18/24","09/18/24","Activated"
"Burch Smith","BAL","RP","09/17/24","Strained groin","Activated","09/18/24","10/03/24","09/30/24","Activated"
"Jorge López","CHC","RP","09/19/24","Strained groin","Activated","09/20/24","10/05/24","09/30/24","Activated"
"Caleb Thielbar","MIN","RP","Feb '24","Strained hamstring","Activated","03/25/24","04/09/24","04/14/24","Activated"
"Bryan Mata","BOS","RP","02/24/24","Strained hamstring","Activated","03/25/24","05/24/24","09/30/24","Activated"
"Max Kranick","NYM","SP","02/26/24","Strained hamstring","Activated","03/25/24","04/09/24","04/23/24","Activated"
"Vaughn Grissom","BOS","2B","03/01/24","Strained hamstring","Activated","03/25/24","04/04/24","05/03/24","Activated"
"Sonny Gray","STL","SP","03/04/24","Strained hamstring","Activated","03/25/24","04/09/24","04/09/24","Activated"
"Jake Brentz","KCR","RP","03/09/24","Strained hamstring","Activated","03/25/24","04/09/24","05/20/24","Activated"
"Justin Steele","CHC","SP","03/28/24","Strained hamstring","Activated","03/29/24","04/13/24","05/06/24","Activated"
"Alek Thomas","ARI","OF","03/31/24","Strained hamstring","Activated","04/01/24","04/11/24","07/02/24","Activated"
"Victor Robles","WSN","OF","04/03/24","Strained hamstring","Activated","04/04/24","04/14/24","05/07/24","Activated"
"Andy Ibáñez","DET","INF/OF","04/07/24","Strained hamstring","Activated","04/08/24","04/18/24","04/29/24","Activated"
"Gio Urshela","DET","3B","04/19/24","Strained hamstring","Activated","04/20/24","04/30/24","05/14/24","Activated"
"Anthony Rendon","LAA","3B","04/20/24","Strained hamstring","Activated","04/21/24","06/20/24","07/08/24","Activated"
"Tyler Heineman","BOS","C","04/21/24","Strained hamstring","Activated","04/22/24","05/02/24","05/18/24","Activated"
"Chas McCormick","HOU","OF","04/27/24","Strained hamstring","Activated","04/28/24","05/08/24","05/21/24","Activated"
"Avisaíl García","MIA","OF","04/27/24","Strained hamstring","Activated","04/28/24","05/08/24","06/04/24","Activated"
"Bryan Hoeing","MIA","RP","05/01/24","Strained hamstring","Activated","05/02/24","05/17/24","07/05/24","Activated"
"Evan Phillips","LAD","RP","05/03/24","Strained hamstring","Activated","05/04/24","05/19/24","05/31/24","Activated"
"Trea Turner","PHI","SS","05/03/24","Strained hamstring","Activated","05/04/24","05/14/24","06/17/24","Activated"
"Steven Kwan","CLE","OF","05/04/24","Strained hamstring","Activated","05/05/24","05/15/24","05/31/24","Activated"
"Wyatt Langford","TEX","OF","05/04/24","Strained hamstring","Activated","05/05/24","05/15/24","05/28/24","Activated"
"Brandon Drury","LAA","INF","05/08/24","Strained hamstring","Activated","05/09/24","05/19/24","06/17/24","Activated"
"Michael Conforto","SFG","OF","05/11/24","Strained hamstring","Activated","05/12/24","05/22/24","06/03/24","Activated"
"Rhys Hoskins","MIL","1B","05/13/24","Strained hamstring","Activated","05/14/24","05/24/24","05/31/24","Activated"
"Eloy Jiménez","CHW","OF","05/21/24","Strained hamstring","Activated","05/22/24","06/01/24","06/23/24","Activated"
"Jorge Polanco","SEA","2B","05/26/24","Strained hamstring","Activated","05/27/24","06/06/24","06/24/24","Activated"
"LaMonte Wade Jr.","SFG","OF","05/27/24","Strained hamstring","Activated","05/28/24","06/07/24","06/28/24","Activated"
"Marco Luciano","SFG","SS","05/29/24","Strained hamstring","Activated","05/30/24","06/09/24","06/14/24","Activated"
"Zac Gallen","ARI","SP","05/30/24","Strained hamstring","Activated","05/31/24","06/15/24","06/29/24","Activated"
"Romy Gonzalez","BOS","INF/OF","05/30/24","Strained hamstring","Activated","05/31/24","06/10/24","06/17/24","Activated"
"Vaughn Grissom","BOS","2B","06/01/24","Strained hamstring","Activated","06/02/24","06/12/24","08/08/24","Activated"
"Brandon Marsh","PHI","OF","06/02/24","Strained hamstring","Activated","06/03/24","06/13/24","06/15/24","Activated"
"Brendan Rodgers","COL","2B","06/07/24","Strained hamstring","Activated","06/08/24","06/18/24","06/21/24","Activated"
"Joey Gallo","WSN","1B/OF","06/11/24","Strained hamstring","Activated","06/12/24","06/22/24","08/20/24","Activated"
"Michael Harris II","ATL","OF","06/14/24","Strained hamstring","Activated","06/15/24","08/14/24","08/14/24","Activated"
"Charlie Blackmon","COL","OF","06/18/24","Strained hamstring","Activated","06/19/24","06/29/24","06/29/24","Activated"
"Abraham Toro","OAK","3B","06/21/24","Strained hamstring","Activated","06/22/24","07/02/24","07/21/24","Activated"
"Giancarlo Stanton","NYY","OF","06/22/24","Strained hamstring","Activated","06/23/24","07/03/24","07/29/24","Activated"
"TJ Friedl","CIN","OF","06/23/24","Strained hamstring","Activated","06/24/24","07/04/24","07/26/24","Activated"
"Bryan Woo","SEA","SP","06/24/24","Strained hamstring","Activated","06/25/24","07/10/24","07/12/24","Activated"
"Bryce Harper","PHI","1B","06/27/24","Strained hamstring","Activated","06/28/24","07/08/24","07/09/24","Activated"
"Casey Mize","DET","SP","06/30/24","Strained hamstring","Activated","07/01/24","08/30/24","08/30/24","Activated"
"Parker Meadows","DET","OF","07/07/24","Strained hamstring","Activated","07/08/24","07/18/24","08/03/24","Activated"
"Jacob Wilson","OAK","SS","07/19/24","Strained hamstring","Activated","07/20/24","07/30/24","08/27/24","Activated"
"Riley Greene","DET","OF","07/25/24","Strained hamstring","Activated","07/26/24","08/05/24","08/18/24","Activated"
"Joshua Palacios","PIT","OF","07/29/24","Strained hamstring","Activated","07/30/24","08/09/24","08/19/24","Activated"
"Brusdar Graterol","LAD","RP","08/06/24","Strained hamstring","Activated","08/07/24","08/22/24","09/10/24","Activated"
"Austin Hays","PHI","OF","08/07/24","Strained hamstring","Activated","08/08/24","08/18/24","08/23/24","Activated"
"Hunter Renfroe","KCR","OF","08/24/24","Strained hamstring","Activated","08/25/24","09/04/24","09/05/24","Activated"
"Joey Bart","PIT","C","08/25/24","Strained hamstring","Activated","08/26/24","09/05/24","09/06/24","Activated"
"Robbie Ray","SFG","SP","08/25/24","Strained hamstring","Activated","08/26/24","09/10/24","09/30/24","Activated"
"Michael Lorenzen","KCR","SP","08/27/24","Strained hamstring","Activated","08/28/24","09/12/24","09/25/24","Activated"
"Luis Castillo","SEA","SP","09/08/24","Strained hamstring","Activated","09/09/24","09/24/24","09/30/24","Activated"
"Max Scherzer","TEX","SP","09/14/24","Strained hamstring","Activated","09/18/24","10/03/24","09/30/24","Activated"
"Trevor Larnach","MIN","OF","09/26/24","Strained hamstring","Activated","09/27/24","10/07/24","09/30/24","Activated"
"Ben Lively","CLE","SP","Mar '24","Viral illness","Activated","03/25/24","04/09/24","04/17/24","Activated"
"Xzavion Curry","CLE","SP","Mar '24","Viral illness","Activated","03/25/24","04/09/24","04/15/24","Activated"
"Colin Holderman","PIT","RP","Mar '24","Illness","Activated","03/25/24","04/09/24","04/11/24","Activated"
"Christian Bethancourt","MIA","C","04/14/24","Viral illness","Activated","04/14/24","04/24/24","04/24/24","Activated"
"Kenta Maeda","DET","SP","05/11/24","Viral illness","Activated","05/08/24","05/23/24","05/24/24","Activated"
"Keegan Thompson","CHC","RP","05/15/24","Viral illness","Activated","05/12/24","05/27/24","06/07/24","Activated"
"Tucupita Marcano","SDP","INF/OF","08/09/23","Knee surgery (torn ACL)","Activated","03/17/24","04/02/24","06/04/24","Activated"
"Sean Newcomb","OAK","SP","12/20/23","Arthroscopic knee surgery","Activated","03/25/24","05/24/24","06/04/24","Activated"
"Ronny Mauricio","NYM","INF","01/02/24","Knee surgery (torn ACL)","Activated","03/28/24","05/27/24","09/30/24","Activated"
"McKinley Moore","NYY","RP","Feb '24","Knee bursitis","Activated","03/25/24","04/09/24","04/13/24","Activated"
"Luis Medina","OAK","SP","03/04/24","Sprained knee","Activated","03/25/24","05/24/24","06/02/24","Activated"
"Justin Topa","MIN","RP","03/15/24","Patellar tendinitis (left knee)","Activated","03/25/24","05/24/24","09/25/24","Activated"
"Miguel Andujar","OAK","OF/INF","03/27/24","Knee surgery (lateral meniscectomy)","Activated","03/25/24","04/04/24","05/24/24","Activated"
"Taylor Clarke","MIL","RP","03/30/24","Knee surgery (torn meniscus)","Activated","03/25/24","04/09/24","05/15/24","Activated"
"Geraldo Perdomo","ARI","SS","04/03/24","Torn knee meniscus","Activated","04/04/24","04/14/24","06/11/24","Activated"
"Max Kepler","MIN","OF","04/06/24","Knee contusion","Activated","04/07/24","04/22/24","04/22/24","Activated"
"Collin Snider","SEA","RP","04/07/24","Knee contusion","Activated","04/08/24","04/23/24","04/23/24","Activated"
"Jason Delay","PIT","C","04/19/24","Knee surgery","Activated","04/01/24","05/31/24","06/04/24","Activated"
"DL Hall","MIL","SP","04/20/24","Sprained knee","Activated","04/21/24","06/20/24","08/11/24","Activated"
"Austin Pruitt","TEX","RP","04/20/24","Knee discomfort","Activated","04/21/24","06/20/24","07/28/24","Activated"
"Lane Thomas","WSN","OF","04/23/24","Sprained knee","Activated","04/24/24","05/04/24","05/27/24","Activated"
"Chris Devenski","TBR","RP","04/24/24","Knee tendinitis","Activated","04/26/24","05/11/24","05/25/24","Activated"
"Miguel Sanó","LAA","1B/3B","04/26/24","Knee discomfort","Activated","04/28/24","05/08/24","06/25/24","Activated"
"Byron Buxton","MIN","OF","05/01/24","Knee inflammation","Activated","05/02/24","05/12/24","05/18/24","Activated"
"Joey Wiemer","MIL","OF","05/03/24","Knee discomfort","Activated","05/04/24","05/14/24","05/20/24","Activated"
"Tom Murphy","SFG","C","05/04/24","Sprained knee","Activated","05/05/24","07/04/24","09/30/24","Activated"
"Dansby Swanson","CHC","SS","05/07/24","Sprained knee","Activated","05/08/24","05/18/24","05/20/24","Activated"
"Tayler Saucedo","SEA","RP","05/07/24","Knee hyperextension","Activated","05/08/24","05/23/24","05/26/24","Activated"
"Tyler O'Neill","BOS","OF","05/25/24","Knee inflammation","Activated","05/26/24","06/05/24","06/05/24","Activated"
"Ronald Acuña Jr.","ATL","OF","06/05/24","Knee surgery (torn ACL)","Activated","05/27/24","07/26/24","09/30/24","Activated"
"J.T. Realmuto","PHI","C","06/12/24","Knee surgery (meniscectomy)","Activated","06/10/24","06/20/24","07/20/24","Activated"
"Starling Marte","NYM","OF","06/22/24","Knee bone bruise","Activated","06/23/24","07/03/24","08/18/24","Activated"
"Jordan Montgomery","ARI","SP","06/27/24","Knee inflammation","Activated","06/29/24","07/14/24","07/23/24","Activated"
"Wilmer Flores","SFG","INF","06/27/24","Knee tendinitis","Activated","06/28/24","07/08/24","07/09/24","Activated"
"Isiah Kiner-Falefa","PIT","INF","06/30/24","Sprained knee","Activated","07/01/24","07/11/24","08/03/24","Activated"
"Jason Heyward","LAD","OF","07/04/24","Knee contusion","Activated","07/05/24","07/15/24","07/21/24","Activated"
"Ryan Pepiot","TBR","SP","07/20/24","Knee infection","Activated","07/19/24","08/03/24","08/16/24","Activated"
"John Schreiber","KCR","RP","07/28/24","Knee discomfort","Activated","07/29/24","08/13/24","08/19/24","Activated"
"Lance Lynn","STL","SP","07/30/24","Knee inflammation","Activated","07/31/24","08/15/24","09/11/24","Activated"
"Tomás Nido","CHC","C","07/31/24","Knee surgery (meniscus)","Activated","07/25/24","08/04/24","08/30/24","Activated"
"Richie Palacios","TBR","OF/INF","07/31/24","Sprained knee","Activated","08/01/24","08/11/24","09/23/24","Activated"
"Wilmer Flores","SFG","INF","08/06/24","Tenex procedure (right knee)","Activated","07/24/24","09/22/24","09/30/24","Activated"
"Mike Trout","LAA","OF","08/07/24","Knee surgery (torn meniscus)","Activated","04/30/24","06/29/24","09/30/24","Activated"
"Andrew McCutchen","PIT","DH","08/16/24","Knee inflammation","Activated","08/17/24","08/27/24","08/30/24","Activated"
"Jake Fraley","CIN","OF","08/20/24","Sprained knee","Activated","08/21/24","08/31/24","09/01/24","Activated"
"Julian Merryweather","CHC","RP","08/25/24","Knee tendinitis","Activated","08/26/24","10/25/24","09/30/24","Activated"
"Hunter Stratton","PIT","RP","08/26/24","Knee surgery (ruptured patella tendon)","Activated","08/25/24","10/24/24","09/30/24","Activated"
"Max Kepler","MIN","OF","09/01/24","Knee tendinitis","Activated","09/02/24","11/01/24","09/30/24","Activated"
"Lance Lynn","STL","SP","09/17/24","Knee inflammation","Activated","09/18/24","10/03/24","09/30/24","Activated"
"Will Wagner","TOR","2B","09/20/24","Knee surgery","Activated","09/14/24","11/13/24","09/30/24","Activated"
"Esteury Ruiz","OAK","OF","09/24/24","Arthroscopic knee surgery","Activated","05/23/24","07/22/24","09/30/24","Activated"
"Declan Cronin","MIA","RP","09/25/24","Knee tendinitis","Activated","09/26/24","10/11/24","09/30/24","Activated"
"Jonathan Hernández","TEX","RP","10/01/23","Strained lat","Activated","03/25/24","04/09/24","04/22/24","Activated"
"Gregory Santos","SEA","RP","03/11/24","Strained lat","Activated","03/25/24","05/24/24","07/08/24","Activated"
"Kelvin Caceres","LAA","RP","03/13/24","Strained lat","Activated","05/09/24","07/08/24","09/30/24","Activated"
"Eduardo Rodriguez","ARI","SP","03/19/24","Strained lat","Activated","03/25/24","05/24/24","08/06/24","Activated"
"Pete Fairbanks","TBR","RP","04/17/24","Nerve-related issue","Activated","04/19/24","05/04/24","05/11/24","Activated"
"Brayan Bello","BOS","SP","04/19/24","Lat tightness","Activated","04/21/24","05/06/24","05/12/24","Activated"
"Clarke Schmidt","NYY","SP","05/26/24","Strained lat","Activated","05/27/24","07/26/24","09/07/24","Activated"
"Quinn Priester","PIT","SP","06/02/24","Strained lat","Activated","06/03/24","06/18/24","07/09/24","Activated"
"Emilio Pagán","CIN","RP","06/08/24","Strained lat","Activated","06/09/24","08/08/24","08/10/24","Activated"
"Michael Grove","LAD","RP","06/15/24","Strained lat","Activated","06/16/24","07/01/24","08/07/24","Activated"
"Ian Hamilton","NYY","RP","06/16/24","Strained lat","Activated","06/17/24","08/16/24","09/07/24","Activated"
"Spencer Turnbull","PHI","SP","06/26/24","Strained lat","Activated","06/27/24","08/26/24","09/30/24","Activated"
"Jared Jones","PIT","SP","07/03/24","Strained lat","Activated","07/04/24","07/19/24","08/27/24","Activated"
"Austin Wynns","CIN","C","07/28/24","Strained lat","Activated","07/29/24","09/27/24","09/30/24","Activated"
"Grayson Rodriguez","BAL","SP","08/07/24","Lat discomfort","Activated","08/04/24","08/19/24","09/30/24","Activated"
"Pete Fairbanks","TBR","RP","08/18/24","Strained lat","Activated","08/19/24","09/03/24","09/30/24","Activated"
"Lucas Sims","BOS","RP","08/25/24","Strained lat","Activated","08/26/24","09/10/24","09/19/24","Activated"
"Chris Martin","BOS","RP","Jun '24","Anxiety","Activated","06/02/24","06/17/24","06/18/24","Activated"
"Stone Garrett","WSN","OF","08/23/23","Fractured leg (fibula)","Activated","03/25/24","04/04/24","04/25/24","Activated"
"Freddy Tarnok","OAK","SP","08/30/23","Hip surgery","Activated","03/25/24","05/24/24","06/01/24","Activated"
"Sam Bachman","LAA","SP","Sep '23","Arthroscopic shoulder surgery","Activated","03/28/24","05/27/24","06/14/24","Activated"
"Josh Winder","MIN","RP","Sep '23","Shoulder discomfort (scapular stress fracture)","Activated","03/28/24","05/27/24","05/27/24","Activated"
"Tommy Kahnle","NYY","RP","09/20/23","Shoulder inflammation","Activated","03/25/24","04/09/24","05/22/24","Activated"
"Tommy Edman","LAD","OF/INF","Oct '23","Arthroscopic wrist surgery","Activated","03/25/24","05/24/24","08/19/24","Activated"
"Kyle Wright","KCR","SP","10/11/23","Shoulder surgery (torn capsule)","Activated","03/28/24","05/27/24","09/30/24","Activated"
"Brandon Woodruff","MIL","SP","10/13/23","Shoulder surgery (anterior capsule repair)","Activated","03/28/24","05/27/24","09/30/24","Activated"
"Taylor Walls","TBR","INF","10/30/23","Hip surgery (labrum repair)","Activated","03/25/24","05/24/24","06/07/24","Activated"
"Alex Cobb","CLE","SP","10/31/23","Hip surgery (labrum repair)","Activated","03/25/24","05/24/24","08/09/24","Activated"
"Clayton Kershaw","LAD","SP","11/03/23","Shoulder surgery (glenohumeral ligaments and capsu","Activated","03/20/24","05/19/24","07/25/24","Activated"
"David Peterson","NYM","SP","11/06/23","Hip surgery (labrum repair)","Activated","03/28/24","05/27/24","05/29/24","Activated"
"Kendall Graveman","HOU","RP","Jan '24","Shoulder surgery","Activated","03/28/24","05/27/24","09/30/24","Activated"
"Sam Moll","CIN","RP","Feb '24","Shoulder impingement","Activated","03/25/24","04/09/24","04/23/24","Activated"
"James Karinchak","CLE","RP","Feb '24","Shoulder inflammation","Activated","03/25/24","05/24/24","09/30/24","Activated"
"Justin Verlander","HOU","SP","Feb '24","Shoulder inflammation","Activated","03/25/24","04/09/24","04/19/24","Activated"
"Carlos Hernández","KCR","RP","Feb '24","Shoulder soreness","Activated","03/25/24","04/09/24","05/24/24","Activated"
"JT Chargois","MIA","RP","Feb '24","Neck spasms","Activated","03/25/24","05/24/24","06/12/24","Activated"
"Braxton Garrett","MIA","SP","Feb '24","Shoulder impingement","Activated","03/25/24","04/09/24","05/08/24","Activated"
"Wade Miley","MIL","SP","Feb '24","Shoulder impingement","Activated","03/25/24","04/09/24","04/10/24","Activated"
"Zack Weiss","MIN","RP","Feb '24","Strained shoulder (teres major)","Activated","03/25/24","05/24/24","07/17/24","Activated"
"Glenn Otto","SDP","SP","Feb '24","Strained shoulder (teres major)","Activated","03/17/24","04/07/24","06/25/24","Activated"
"Eduard Bazardo","SEA","RP","Feb '24","Strained shoulder (rotator cuff)","Activated","03/25/24","04/09/24","05/08/24","Activated"
"Kodai Senga","NYM","SP","02/21/24","Strained shoulder (posterior capsule)","Activated","03/25/24","05/24/24","07/26/24","Activated"
"Shane Drohan","CHW","SP","02/22/24","Shoulder surgery (nerve decompression)","Activated","03/25/24","05/24/24","06/09/24","Activated"
"Michael Stefanic","LAA","INF","02/24/24","Strained quad","Activated","03/25/24","05/24/24","05/29/24","Activated"
"Alek Manoah","TOR","SP","02/27/24","Shoulder inflammation","Activated","03/25/24","04/09/24","05/05/24","Activated"
"Dylan Covey","PHI","RP","03/01/24","Strained shoulder","Activated","03/25/24","05/24/24","08/27/24","Activated"
"Michael Rucker","PHI","RP","03/01/24","Finger numbness","Activated","03/25/24","05/24/24","07/26/24","Activated"
"Yasmani Grandal","PIT","C","Mar '24","Plantar fascitis","Activated","03/25/24","04/04/24","05/03/24","Activated"
"Sam Haggerty","SEA","INF/OF","Mar '24","Medical procedure","Activated","03/25/24","04/04/24","04/17/24","Activated"
"Michael Lorenzen","TEX","SP","Mar '24","Strained neck","Activated","03/25/24","04/09/24","04/15/24","Activated"
"Brusdar Graterol","LAD","RP","03/02/24","Shoulder inflammation","Activated","03/17/24","05/22/24","08/05/24","Activated"
"Lars Nootbaar","STL","OF","03/02/24","Non-displaced rib fractures","Activated","03/25/24","04/04/24","04/11/24","Activated"
"Tristan Beck","SFG","SP","03/04/24","Vascular surgery (upper arm aneurysm)","Activated","03/28/24","05/27/24","09/01/24","Activated"
"Caleb Kilian","CHC","SP","03/05/24","Strained shoulder","Activated","03/28/24","05/27/24","07/31/24","Activated"
"Ji Hwan Bae","PIT","INF/OF","03/05/24","Strained hip","Activated","03/25/24","04/04/24","04/15/24","Activated"
"Nathaniel Lowe","TEX","1B","03/05/24","Strained oblique","Activated","03/25/24","04/04/24","04/20/24","Activated"
"Oswald Peraza","NYY","INF","03/06/24","Strained shoulder","Activated","03/25/24","04/04/24","05/19/24","Activated"
"Scott Alexander","OAK","RP","03/06/24","Stress reaction in rib","Activated","03/25/24","04/09/24","05/21/24","Activated"
"Sam Hentges","CLE","SP","03/08/24","Finger inflammation","Activated","03/25/24","04/09/24","05/06/24","Activated"
"Blake Treinen","LAD","RP","03/09/24","Bruised lung","Activated","03/17/24","04/07/24","05/05/24","Activated"
"Edward Cabrera","MIA","RP","03/10/24","Shoulder impingement","Activated","03/25/24","04/09/24","04/15/24","Activated"
"Jonny DeLuca","TBR","OF","03/10/24","Fractured hand","Activated","03/25/24","04/04/24","05/03/24","Activated"
"Rob Refsnyder","BOS","OF","03/12/24","Fractured toe","Activated","03/25/24","04/04/24","04/18/24","Activated"
"Josh Taylor","KCR","RP","03/12/24","Biceps soreness","Activated","03/25/24","05/24/24","09/30/24","Activated"
"Taj Bradley","TBR","SP","03/12/24","Strained pectoral","Activated","03/25/24","04/09/24","05/08/24","Activated"
"Jhoan Duran","MIN","RP","03/13/24","Strained oblique","Activated","03/25/24","04/09/24","04/30/24","Activated"
"Ethan Small","SFG","RP","03/13/24","Strained oblique","Activated","03/28/24","05/27/24","08/16/24","Activated"
"Danny Jansen","TOR","C","03/13/24","Fractured pisiform bone (right wrist)","Activated","03/25/24","04/04/24","04/15/24","Activated"
"TJ Friedl","CIN","OF","03/16/24","Non-displaced wrist fracture","Activated","03/25/24","04/04/24","05/07/24","Activated"
"Brandon Williamson","CIN","SP","03/17/24","Strained shoulder","Activated","03/25/24","05/24/24","09/01/24","Activated"
"Jonathan Aranda","TBR","INF/OF","03/17/24","Fractured finger (right ring)","Activated","03/25/24","04/04/24","05/14/24","Activated"
"Josh Lowe","TBR","OF","03/17/24","Strained oblique","Activated","03/25/24","04/04/24","05/06/24","Activated"
"Paul Sewald","ARI","RP","03/23/24","Strained oblique","Activated","03/25/24","04/09/24","05/07/24","Activated"
"Taijuan Walker","PHI","SP","03/23/24","Shoulder impingement","Activated","03/25/24","04/09/24","04/28/24","Activated"
"Garrett Mitchell","MIL","OF","03/24/24","Fractured finger (left index)","Activated","03/25/24","05/24/24","07/01/24","Activated"
"Sean Reid-Foley","NYM","RP","03/24/24","Shoulder impingement","Activated","03/25/24","04/09/24","04/22/24","Activated"
"Dylan Carlson","STL","OF","03/25/24","Sprained shoulder (AC joint)","Activated","03/26/24","04/05/24","05/05/24","Activated"
"Matt McLain","CIN","2B","03/26/24","Shoulder surgery","Activated","03/25/24","04/04/24","09/30/24","Activated"
"Royce Lewis","MIN","3B","03/28/24","Strained quad","Activated","03/29/24","04/08/24","06/04/24","Activated"
"Nick Senzel","WSN","3B","03/28/24","Fractured thumb (right)","Activated","03/27/24","04/06/24","04/15/24","Activated"
"Sean Murphy","ATL","C","03/29/24","Strained oblique","Activated","03/30/24","04/09/24","05/27/24","Activated"
"Cionel Pérez","BAL","RP","03/30/24","Strained oblique","Activated","03/31/24","04/15/24","04/29/24","Activated"
"Trevor Megill","MIL","RP","03/30/24","Concussion","Activated","03/31/24","04/07/24","04/19/24","Activated"
"Tylor Megill","NYM","SP","03/31/24","Strained shoulder","Activated","04/01/24","04/16/24","05/20/24","Activated"
"Matt Carpenter","STL","1B","04/01/24","Strained oblique","Activated","04/02/24","04/12/24","05/11/24","Activated"
"Josh Jung","TEX","3B","04/01/24","Wrist surgery","Activated","04/02/24","06/01/24","07/29/24","Activated"
"Jakob Junis","MIL","SP","04/02/24","Shoulder impingement","Activated","04/03/24","06/02/24","06/21/24","Activated"
"Bennett Sousa","HOU","RP","04/03/24","Thoracic outlet syndrome surgery","Activated","03/25/24","05/24/24","09/30/24","Activated"
"Trevor Story","BOS","SS","04/05/24","Shoulder surgery (fractured glenoid)","Activated","04/06/24","06/05/24","09/07/24","Activated"
"Julian Merryweather","CHC","RP","04/05/24","Rib stress fracture","Activated","04/06/24","06/05/24","07/22/24","Activated"
"Ryan Borucki","PIT","RP","04/05/24","Triceps inflammation","Activated","04/06/24","06/05/24","09/01/24","Activated"
"Josh Sborz","TEX","RP","04/06/24","Strained shoulder (rotator cuff)","Activated","04/07/24","04/22/24","04/25/24","Activated"
"Guillo Zuñiga","LAA","RP","04/07/24","Strained pectoral","Activated","04/08/24","04/23/24","05/25/24","Activated"
"Brent Rooker","OAK","OF","04/07/24","Costochondral cartilage injury","Activated","04/08/24","04/18/24","04/19/24","Activated"
"Justin Foscue","TEX","INF","04/07/24","Strained oblique","Activated","04/08/24","06/07/24","06/26/24","Activated"
"Cody Bolton","SEA","RP","04/08/24","Kidney stones","Activated","04/06/24","04/21/24","04/21/24","Activated"
"Connor Brogdon","LAD","RP","04/09/24","Plantar fascitis","Activated","04/10/24","06/09/24","09/30/24","Activated"
"Keibert Ruiz","WSN","C","04/09/24","Influenza","Activated","04/12/24","04/22/24","04/25/24","Activated"
"Romy Gonzalez","BOS","INF/OF","04/10/24","Sprained wrist","Activated","04/11/24","04/21/24","05/08/24","Activated"
"Bobby Miller","LAD","SP","04/10/24","Shoulder inflammation","Activated","04/11/24","04/26/24","06/19/24","Activated"
"Brandon Lowe","TBR","2B","04/10/24","Strained oblique","Activated","04/09/24","04/19/24","05/20/24","Activated"
"Isaiah Campbell","BOS","RP","04/11/24","Shoulder impingement","Activated","04/12/24","04/27/24","06/06/24","Activated"
"Carlos Correa","MIN","SS","04/12/24","Strained oblique","Activated","04/13/24","04/23/24","04/29/24","Activated"
"Angel Martínez","CLE","INF","04/13/24","Fractured hamate","Activated","03/25/24","05/24/24","05/29/24","Activated"
"J.B. Bukauskas","MIL","RP","04/13/24","Strained triceps","Activated","04/14/24","06/13/24","09/30/24","Activated"
"Seiya Suzuki","CHC","OF","04/14/24","Strained oblique","Activated","04/15/24","04/25/24","05/10/24","Activated"
"Jake Burger","MIA","3B/1B","04/14/24","Strained oblique","Activated","04/15/24","04/25/24","05/06/24","Activated"
"Yu Darvish","SDP","SP","04/14/24","Neck tightness","Activated","04/15/24","04/30/24","04/30/24","Activated"
"Dominic Canzone","SEA","OF","04/14/24","Sprained shoulder (AC joint)","Activated","04/15/24","04/25/24","05/15/24","Activated"
"Ozzie Albies","ATL","2B","04/15/24","Fractured toe","Activated","04/16/24","04/26/24","04/26/24","Activated"
"Tyler O'Neill","BOS","OF","04/15/24","Concussion","Activated","04/16/24","04/23/24","04/23/24","Activated"
"Chad Green","TOR","RP","04/15/24","Strained shoulder (teres major)","Activated","04/17/24","05/02/24","05/28/24","Activated"
"Luis Frías","ARI","RP","04/16/24","Shoulder inflammation","Activated","04/17/24","05/02/24","06/06/24","Activated"
"Eli Morgan","CLE","RP","04/16/24","Shoulder inflammation","Activated","04/17/24","05/02/24","05/28/24","Activated"
"Kyle Hurt","LAD","SP","04/16/24","Shoulder inflammation","Activated","04/17/24","06/16/24","06/21/24","Activated"
"Nick Burdi","NYY","RP","04/16/24","Hip inflammation","Activated","04/17/24","05/02/24","05/10/24","Activated"
"Brock Burke","TEX","RP","04/18/24","Hand surgery (non-throwing)","Activated","04/13/24","06/12/24","06/12/24","Activated"
"A.J. Puk","MIA","RP","04/19/24","Shoulder fatigue","Activated","04/20/24","05/05/24","05/13/24","Activated"
"Miguel Castro","ARI","RP","04/20/24","Shoulder inflammation","Activated","04/21/24","05/06/24","07/11/24","Activated"
"Triston Casas","BOS","1B","04/20/24","Torn rib cartilage","Activated","04/21/24","06/20/24","08/16/24","Activated"
"Merrill Kelly","ARI","SP","04/21/24","Strained shoulder","Activated","04/20/24","06/19/24","08/11/24","Activated"
"Drew Smyly","CHC","RP","04/21/24","Hip impingement","Activated","04/22/24","05/07/24","05/25/24","Activated"
"Cristian Javier","HOU","SP","04/21/24","Neck discomfort","Activated","04/18/24","05/03/24","05/11/24","Activated"
"Cody Bellinger","CHC","OF","04/23/24","Fractured rib","Activated","04/24/24","05/04/24","05/07/24","Activated"
"Drew Smith","NYM","RP","04/23/24","Shoulder inflammation","Activated","04/24/24","05/09/24","06/02/24","Activated"
"Francisco Alvarez","NYM","C","04/23/24","Thumb surgery (torn ligament)","Activated","04/20/24","04/30/24","06/11/24","Activated"
"Zack Gelof","OAK","2B","04/23/24","Strained oblique","Activated","04/24/24","05/04/24","05/14/24","Activated"
"J.P. Crawford","SEA","SS","04/23/24","Strained oblique","Activated","04/24/24","05/04/24","05/20/24","Activated"
"Robert Garcia","WSN","RP","04/23/24","Influenza","Activated","04/21/24","05/06/24","05/07/24","Activated"
"Joey Gallo","WSN","1B/OF","04/26/24","Sprained shoulder (AC joint)","Activated","04/27/24","05/07/24","05/17/24","Activated"
"Grae Kessinger","HOU","INF","04/27/24","Shoulder discomfort","Activated","04/28/24","05/08/24","05/10/24","Activated"
"José Cisnero","LAA","RP","04/27/24","Shoulder inflammation","Activated","04/28/24","06/27/24","08/17/24","Activated"
"Masataka Yoshida","BOS","OF","04/28/24","Sprained thumb","Activated","04/29/24","05/09/24","06/11/24","Activated"
"Grayson Rodriguez","BAL","SP","04/29/24","Shoulder inflammation","Activated","04/30/24","05/15/24","05/18/24","Activated"
"Yunior Marte","PHI","RP","04/30/24","Shoulder inflammation","Activated","05/01/24","05/16/24","06/25/24","Activated"
"Kyle Nelson","ARI","RP","May '24","Thoracic outlet syndrome surgery","Activated","04/23/24","06/22/24","09/30/24","Activated"
"Brock Stewart","MIN","RP","05/01/24","Shoulder tendinitis","Activated","05/02/24","07/01/24","07/24/24","Activated"
"Drew Rom","STL","SP","May '24","Arthroscopic shoulder surgery","Activated","03/25/24","05/24/24","09/30/24","Activated"
"Jacob Waguespack","TBR","SP","05/02/24","Strained shoulder","Activated","05/06/24","07/05/24","09/30/24","Activated"
"Shintaro Fujinami","NYM","RP","05/03/24","Strained shoulder","Activated","05/13/24","07/12/24","07/26/24","Activated"
"Patrick Bailey","SFG","C","05/03/24","Concussion","Activated","05/04/24","05/11/24","05/11/24","Activated"
"Luis Rengifo","LAA","INF","05/04/24","Viral infection","Activated","05/06/24","05/16/24","05/16/24","Activated"
"Jorge Soler","SFG","OF","05/04/24","Strained shoulder","Activated","05/05/24","05/15/24","05/17/24","Activated"
"Dane Dunning","TEX","SP","05/04/24","Strained shoulder (rotator cuff)","Activated","05/05/24","05/20/24","05/22/24","Activated"
"Joe Kelly","LAD","RP","05/05/24","Strained shoulder","Activated","05/06/24","07/05/24","07/19/24","Activated"
"Giovanny Gallegos","STL","RP","05/05/24","Shoulder impingement","Activated","05/06/24","05/21/24","06/21/24","Activated"
"Ryan Pepiot","TBR","SP","05/05/24","Leg contusion","Activated","05/06/24","05/21/24","05/22/24","Activated"
"Daniel Palencia","CHC","RP","05/06/24","Shoulder tightness","Activated","05/07/24","05/22/24","06/03/24","Activated"
"Edward Cabrera","MIA","SP","05/07/24","Shoulder impingement","Activated","05/08/24","07/07/24","07/07/24","Activated"
"Josh Sborz","TEX","RP","05/08/24","Strained shoulder (rotator cuff)","Activated","05/09/24","05/24/24","07/05/24","Activated"
"Nick Ahmed","SFG","SS","05/09/24","Sprained wrist","Activated","05/10/24","05/20/24","06/14/24","Activated"
"Austin Slater","SFG","OF","05/10/24","Concussion","Activated","05/11/24","05/18/24","06/05/24","Activated"
"Shelby Miller","DET","RP","05/11/24","Ulnar nerve inflammation","Activated","05/12/24","05/27/24","06/04/24","Activated"
"Patrick Bailey","SFG","C","05/11/24","Concussion","Activated","05/12/24","05/19/24","05/21/24","Activated"
"TJ Friedl","CIN","OF","05/12/24","Fractured thumb (left)","Activated","05/13/24","05/23/24","05/29/24","Activated"
"Bryan Ramos","CHW","3B","05/14/24","Strained quad","Activated","05/15/24","05/25/24","05/25/24","Activated"
"Max Muncy","LAD","3B","05/15/24","Strained oblique","Activated","05/16/24","07/15/24","08/19/24","Activated"
"Justin Wilson","CIN","RP","05/16/24","Shoulder tightness","Activated","05/17/24","06/01/24","06/02/24","Activated"
"Sam Haggerty","SEA","INF/OF","05/18/24","Torn Achilles' tendon","Activated","05/27/24","07/26/24","09/30/24","Activated"
"Emilio Pagán","CIN","RP","05/19/24","Triceps tightness","Activated","05/20/24","06/04/24","06/06/24","Activated"
"Dean Kremer","BAL","SP","05/20/24","Strained triceps","Activated","05/21/24","06/05/24","07/03/24","Activated"
"Xander Bogaerts","SDP","2B","05/20/24","Fractured shoulder","Activated","05/21/24","05/31/24","07/12/24","Activated"
"Carlos Carrasco","CLE","SP","05/21/24","Neck spasm","Activated","05/18/24","06/02/24","06/02/24","Activated"
"Josh Lowe","TBR","OF","05/22/24","Strained oblique","Activated","05/23/24","06/02/24","06/03/24","Activated"
"AJ Smith-Shawver","ATL","SP","05/23/24","Strained oblique","Activated","05/24/24","06/08/24","07/09/24","Activated"
"Nick Burdi","NYY","RP","05/23/24","Hip inflammation","Activated","05/24/24","07/23/24","08/01/24","Activated"
"Kyle Muller","OAK","RP","05/24/24","Shoulder tendinitis","Activated","05/27/24","06/11/24","07/07/24","Activated"
"Justin Lawrence","COL","RP","05/25/24","Strained shoulder","Activated","05/26/24","06/10/24","06/17/24","Activated"
"Jordan Beck","COL","OF","05/25/24","Fractured hand","Activated","05/26/24","06/05/24","08/03/24","Activated"
"Edwin Díaz","NYM","RP","05/25/24","Shoulder impingement","Activated","05/26/24","06/10/24","06/13/24","Activated"
"Lucas Erceg","OAK","RP","05/25/24","Strained oblique","Activated","05/26/24","06/10/24","06/12/24","Activated"
"Kerry Carpenter","DET","OF","05/26/24","Stress fracture (lumbar spine)","Activated","05/27/24","07/26/24","08/13/24","Activated"
"Joey Bart","PIT","C","05/26/24","Thumb discomfort","Activated","05/27/24","06/06/24","06/30/24","Activated"
"A.J. Minter","ATL","RP","05/29/24","Hip inflammation","Activated","05/30/24","06/14/24","07/01/24","Activated"
"Alika Williams","PIT","INF","05/29/24","Sprained wrist","Activated","05/30/24","06/09/24","06/19/24","Activated"
"Gabe Speier","SEA","RP","05/29/24","Strained shoulder (rotator cuff)","Activated","05/30/24","06/14/24","07/19/24","Activated"
"Lars Nootbaar","STL","OF","05/30/24","Strained oblique","Activated","05/31/24","06/15/24","07/08/24","Activated"
"Sixto Sánchez","MIA","SP","05/31/24","Shoulder inflammation","Activated","06/01/24","07/31/24","09/30/24","Activated"
"Andrew Benintendi","CHW","OF","06/01/24","Achilles tendinitis","Activated","06/02/24","06/12/24","06/12/24","Activated"
"Fernando Tatis Jr.","SDP","OF","Jun '24","Femoral stress reaction","Activated","06/22/24","08/21/24","09/02/24","Activated"
"Jorge Mateo","BAL","INF/OF","06/02/24","Concussion","Activated","06/03/24","06/10/24","06/11/24","Activated"
"Dominic Fletcher","CHW","OF","06/02/24","Sprained shoulder (AC joint)","Activated","06/03/24","06/13/24","07/11/24","Activated"
"Kris Bryant","COL","1B/OF","06/02/24","Rib contusion","Activated","06/03/24","06/13/24","07/23/24","Activated"
"Ji Hwan Bae","PIT","INF/OF","06/02/24","Sprained wrist","Activated","06/03/24","06/13/24","06/24/24","Activated"
"Kyle Tucker","HOU","OF","06/03/24","Fractured shin","Activated","06/04/24","08/03/24","09/06/24","Activated"
"Alex Faedo","DET","RP","06/04/24","Hip inflammation","Activated","06/05/24","06/20/24","06/27/24","Activated"
"Jung Hoo Lee","SFG","OF","06/04/24","Shoulder surgery (torn labrum)","Activated","05/13/24","07/12/24","09/30/24","Activated"
"Jimmy Herget","ATL","RP","06/05/24","Shoulder inflammation","Activated","06/06/24","06/21/24","07/27/24","Activated"
"Nick Madrigal","CHC","INF","06/05/24","Fractured pinky (left)","Activated","09/01/24","10/31/24","09/30/24","Activated"
"Max Stassi","CHW","C","06/07/24","Hip surgery (surfacing procedure)","Activated","03/25/24","05/24/24","09/30/24","Activated"
"Ryan Weathers","MIA","SP","06/07/24","Strained finger (left index)","Activated","06/08/24","08/07/24","09/18/24","Activated"
"Ty France","SEA","1B","06/07/24","Fractured heel","Activated","06/08/24","06/18/24","06/18/24","Activated"
"Ben Brown","CHC","SP","06/08/24","Stress reaction in neck","Activated","06/09/24","08/08/24","09/30/24","Activated"
"Hunter Renfroe","KCR","OF","06/10/24","Fractured toe","Activated","06/11/24","06/21/24","06/21/24","Activated"
"Josh Rogers","COL","C","06/12/24","Strained rotator cuff","Activated","06/14/24","06/29/24","07/14/24","Activated"
"Cody Poteet","NYY","SP","06/12/24","Strained triceps","Activated","06/15/24","08/14/24","09/20/24","Activated"
"Hunter Stratton","PIT","RP","06/13/24","Strained triceps","Activated","06/14/24","06/29/24","07/26/24","Activated"
"Jordan Wicks","CHC","SP","06/14/24","Strained oblique","Activated","06/15/24","08/14/24","09/01/24","Activated"
"Adam Cimber","LAA","RP","06/14/24","Shoulder inflammation","Activated","06/15/24","06/30/24","07/22/24","Activated"
"Henry Davis","PIT","C","06/14/24","Concussion","Activated","06/15/24","06/22/24","07/07/24","Activated"
"Justin Verlander","HOU","SP","06/15/24","Neck discomfort","Activated","06/15/24","06/30/24","08/21/24","Activated"
"Yoshinobu Yamamoto","LAD","SP","06/15/24","Strained rotator cuff","Activated","06/16/24","08/15/24","09/10/24","Activated"
"Mookie Betts","LAD","OF","06/16/24","Fractured hand","Activated","06/17/24","06/27/24","08/12/24","Activated"
"Jesús Luzardo","MIA","SP","06/16/24","Lumbar stress reaction","Activated","06/19/24","08/18/24","09/30/24","Activated"
"José Soriano","LAA","SP","06/17/24","Abdomen infection","Activated","06/17/24","07/02/24","07/02/24","Activated"
"Cole Winn","TEX","RP","06/17/24","Shoulder discomfort","Activated","06/18/24","08/17/24","09/30/24","Activated"
"Walker Buehler","LAD","SP","06/18/24","Hip discomfort","Activated","06/19/24","07/04/24","08/14/24","Activated"
"Dan Altavilla","KCR","RP","06/19/24","Strained oblique","Activated","06/20/24","08/19/24","09/05/24","Activated"
"Sean Reid-Foley","NYM","RP","06/19/24","Shoulder impingement","Activated","06/20/24","08/19/24","09/30/24","Activated"
"Dany Jiménez","OAK","RP","06/19/24","Strained oblique","Activated","06/20/24","07/05/24","08/18/24","Activated"
"David Bednar","PIT","RP","06/19/24","Strained oblique","Activated","06/20/24","07/05/24","07/12/24","Activated"
"Adael Amador","COL","2B","06/20/24","Strained oblique","Activated","06/21/24","07/01/24","07/03/24","Activated"
"Luis Campusano","SDP","C","06/20/24","Thumb contusion","Activated","06/21/24","07/01/24","07/05/24","Activated"
"Mike Yastrzemski","SFG","OF","06/20/24","Strained oblique","Activated","06/21/24","07/01/24","07/02/24","Activated"
"Gabriel Moreno","ARI","C","06/21/24","Sprained thumb","Activated","06/22/24","07/02/24","07/02/24","Activated"
"Jake Bloss","HOU","SP","06/21/24","Shoulder discomfort","Activated","06/22/24","07/07/24","07/11/24","Activated"
"Chris Paddack","MIN","SP","06/21/24","Shoulder fatigue","Activated","06/22/24","07/07/24","07/08/24","Activated"
"Taijuan Walker","PHI","SP","06/21/24","Finger inflammation (right index)","Activated","06/22/24","07/07/24","08/13/24","Activated"
"Adam Frazier","KCR","2B/OF","06/22/24","Sprained thumb","Activated","06/23/24","07/03/24","07/05/24","Activated"
"Nick Lodolo","CIN","SP","06/23/24","Finger blister","Activated","06/24/24","07/09/24","07/09/24","Activated"
"Brian Anderson","ATL","INF/OF","06/24/24","Bacterial infection","Activated","06/22/24","07/02/24","07/10/24","Activated"
"Will Brennan","CLE","OF","06/24/24","Rib cage inflammation","Activated","06/25/24","07/05/24","07/11/24","Activated"
"Ramón Laureano","ATL","OF","06/26/24","Strained oblique","Activated","07/09/24","07/19/24","07/19/24","Activated"
"Keegan Thompson","CHC","RP","06/26/24","Fractured rib","Activated","06/27/24","07/12/24","08/07/24","Activated"
"Thairo Estrada","SFG","2B","06/27/24","Sprained wrist","Activated","06/28/24","07/08/24","07/09/24","Activated"
"Joey Ortiz","MIL","INF","07/01/24","Neck inflammation","Activated","07/02/24","07/12/24","07/12/24","Activated"
"J.P. France","HOU","SP","07/02/24","Shoulder surgery (capsule tear)","Activated","08/20/24","10/19/24","09/30/24","Activated"
"Luis Rengifo","LAA","INF","07/03/24","Wrist inflammation","Activated","07/04/24","07/14/24","07/23/24","Activated"
"Dane Dunning","TEX","SP","07/03/24","Shoulder discomfort","Activated","07/04/24","07/19/24","07/25/24","Activated"
"Austin Martin","MIN","OF/INF","07/05/24","Strained oblique","Activated","07/06/24","07/16/24","07/20/24","Activated"
"Colten Brewer","CHC","RP","07/06/24","Fractured hand (left)","Activated","07/07/24","09/05/24","09/30/24","Activated"
"Stuart Fairchild","CIN","OF","07/06/24","Spine disc injury","Activated","07/07/24","07/17/24","07/19/24","Activated"
"Bailey Falter","PIT","SP","07/06/24","Triceps tendinitis","Activated","07/07/24","07/22/24","07/29/24","Activated"
"Tyler Soderstrom","OAK","1B","07/09/24","Wrist bone bruise (left)","Activated","07/10/24","07/20/24","09/14/24","Activated"
"Cody Bellinger","CHC","OF/1B","07/10/24","Fractured finger (left middle)","Activated","07/11/24","07/21/24","07/29/24","Activated"
"Nick Martini","CIN","OF/1B","07/10/24","Thumb surgery (ligament repair)","Activated","07/07/24","09/05/24","09/24/24","Activated"
"Kyle Farmer","MIN","INF","07/10/24","Strained shoulder","Activated","07/11/24","07/21/24","08/09/24","Activated"
"Christian Encarnacion-Strand","CIN","1B","07/11/24","Wrist surgery (ulnar styloid fracture)","Activated","05/08/24","07/07/24","09/30/24","Activated"
"J.D. Davis","NYY","1B/3B","07/11/24","Stomach flu","Activated","07/09/24","07/19/24","07/19/24","Activated"
"Heston Kjerstad","BAL","OF","07/12/24","Concussion","Activated","07/13/24","07/20/24","07/20/24","Activated"
"Yency Almonte","CHC","RP","07/12/24","Shoulder surgery (labral repair)","Activated","05/08/24","07/07/24","09/30/24","Activated"
"Luke Little","CHC","RP","07/12/24","Strained shoulder","Activated","07/13/24","09/11/24","09/30/24","Activated"
"Carson Spiers","CIN","SP","07/12/24","Shoulder impingement","Activated","07/13/24","07/28/24","07/29/24","Activated"
"Carlos Correa","MIN","SS","07/12/24","Plantar fascitis","Activated","07/16/24","07/26/24","09/14/24","Activated"
"Jose Trevino","NYY","C","07/12/24","Strained quad","Activated","07/13/24","07/23/24","08/15/24","Activated"
"Michael Soroka","CHW","RP","07/14/24","Strained shoulder","Activated","07/16/24","07/31/24","09/21/24","Activated"
"Jordan Leasure","CHW","RP","07/14/24","Shoulder impingement","Activated","07/17/24","08/01/24","09/21/24","Activated"
"Brent Suter","CIN","RP","07/19/24","Strained shoulder","Activated","07/20/24","08/04/24","09/01/24","Activated"
"Reese Olson","DET","SP","07/20/24","Strained shoulder","Activated","07/21/24","08/05/24","09/16/24","Activated"
"Kody Funderburk","MIN","RP","07/20/24","Strained oblique","Activated","07/18/24","09/16/24","09/27/24","Activated"
"Ozzie Albies","ATL","2B","07/21/24","Fractured wrist","Activated","07/22/24","08/01/24","09/20/24","Activated"
"Mason Miller","OAK","RP","07/22/24","Fractured hand (left)","Activated","07/23/24","08/07/24","08/07/24","Activated"
"J.P. Crawford","SEA","SS","07/22/24","Fractured hand (right pinkie)","Activated","07/23/24","08/02/24","08/28/24","Activated"
"Bryan Hudson","MIL","RP","07/23/24","Strained oblique","Activated","07/24/24","08/08/24","08/12/24","Activated"
"Jordan Weems","WSN","RP","07/24/24","Shin splints","Activated","07/25/24","08/09/24","09/30/24","Activated"
"Thairo Estrada","SFG","2B","07/25/24","Sprained wrist","Activated","07/26/24","08/05/24","08/19/24","Activated"
"Alex Wood","OAK","SP","07/26/24","Arthroscopic shoulder surgery","Activated","05/13/24","07/12/24","09/30/24","Activated"
"Christian Walker","ARI","1B","07/29/24","Strained oblique","Activated","07/30/24","08/09/24","09/03/24","Activated"
"Heston Kjerstad","BAL","OF","07/29/24","Concussion","Activated","07/31/24","08/10/24","09/15/24","Activated"
"Carmen Mlodzinski","PIT","RP","07/29/24","Strained shoulder","Activated","07/30/24","08/14/24","08/27/24","Activated"
"Max Scherzer","TEX","SP","07/30/24","Shoulder fatigue","Activated","07/31/24","08/15/24","09/14/24","Activated"
"Jordan Westburg","BAL","INF","07/31/24","Fractured hand (right)","Activated","08/01/24","08/11/24","09/22/24","Activated"
"Gregory Santos","SEA","RP","07/31/24","Biceps inflammation","Activated","08/01/24","08/16/24","09/23/24","Activated"
"Mike Clevinger","CHW","SP","08/01/24","Neck surgery (disc replacement)","Activated","05/25/24","07/24/24","09/30/24","Activated"
"Brock Stewart","MIN","RP","Aug '24","Arthroscopic shoulder surgery","Activated","07/30/24","09/28/24","09/30/24","Activated"
"Michael Siani","STL","OF","08/03/24","Strained oblique","Activated","08/04/24","08/14/24","09/01/24","Activated"
"Blake Treinen","LAD","RP","08/04/24","Hip discomfort","Activated","08/05/24","08/20/24","08/21/24","Activated"
"Nick Fortes","MIA","C","08/05/24","Strained quad","Activated","08/06/24","08/16/24","08/16/24","Activated"
"Luis Rengifo","LAA","INF","08/06/24","Wrist surgery","Activated","08/03/24","10/02/24","09/30/24","Activated"
"Carlos Carrasco","CLE","SP","08/07/24","Strained hip","Activated","08/08/24","08/23/24","09/17/24","Activated"
"Ryan Feltner","COL","SP","08/07/24","Strained shoulder","Activated","08/08/24","08/23/24","08/26/24","Activated"
"Joe Ryan","MIN","SP","08/07/24","Strained shoulder (teres major)","Activated","08/08/24","10/07/24","09/30/24","Activated"
"Brooks Lee","MIN","INF","08/07/24","Biceps tendinitis","Activated","08/08/24","08/18/24","09/01/24","Activated"
"Colin Holderman","PIT","RP","08/07/24","Sprained wrist","Activated","08/08/24","08/23/24","09/01/24","Activated"
"Josh Sborz","TEX","RP","08/07/24","Shoulder fatigue","Activated","08/08/24","08/23/24","09/24/24","Activated"
"Hoby Milner","MIL","RP","08/08/24","Shoulder impingement","Activated","08/09/24","08/24/24","09/03/24","Activated"
"Wenceel Pérez","DET","OF","08/09/24","Strained oblique","Activated","08/10/24","08/20/24","09/12/24","Activated"
"Christian Roa","CIN","SP","08/10/24","Sprained shoulder","Activated","08/19/24","10/18/24","09/30/24","Activated"
"Anthony Bender","MIA","RP","08/10/24","Shoulder impingement","Activated","08/12/24","08/27/24","09/07/24","Activated"
"Byron Buxton","MIN","OF","08/12/24","Hip inflammation","Activated","08/13/24","08/23/24","09/12/24","Activated"
"Alex Cobb","CLE","SP","08/14/24","Fractured nail (right hand)","Activated","08/16/24","08/31/24","09/01/24","Activated"
"Zack Littell","TBR","SP","08/14/24","Shoulder fatigue","Activated","08/15/24","08/30/24","09/01/24","Activated"
"Zach Eflin","BAL","SP","08/15/24","Shoulder inflammation","Activated","08/17/24","09/01/24","09/01/24","Activated"
"José Soriano","LAA","SP","08/16/24","Arm fatigue","Activated","08/17/24","10/16/24","09/30/24","Activated"
"Scott Alexander","OAK","RP","08/17/24","Rotator cuff tendinitis","Activated","08/18/24","09/02/24","09/04/24","Activated"
"Austin Riley","ATL","3B","08/18/24","Fractured hand","Activated","08/19/24","08/29/24","09/30/24","Activated"
"Andrew Abbott","CIN","SP","08/18/24","Strained shoulder","Activated","08/20/24","09/04/24","09/30/24","Activated"
"Austin Barnes","LAD","C","08/18/24","Fractured toe","Activated","08/19/24","08/29/24","08/29/24","Activated"
"Patrick Bailey","SFG","C","08/18/24","Strained oblique","Activated","08/19/24","08/29/24","08/29/24","Activated"
"Tyler Mahle","TEX","SP","08/18/24","Shoulder tightness","Activated","08/19/24","10/18/24","09/30/24","Activated"
"Jeimer Candelario","CIN","1B/3B","08/19/24","Fractured toe","Activated","08/20/24","08/30/24","09/30/24","Activated"
"Jimmy Lambert","CHW","RP","08/20/24","Shoulder surgery","Activated","03/28/24","05/27/24","09/30/24","Activated"
"Victor Vodnik","COL","RP","08/20/24","Biceps inflammation","Activated","08/19/24","09/03/24","09/08/24","Activated"
"Alex Faedo","DET","RP","08/20/24","Strained shoulder","Activated","08/22/24","10/21/24","09/30/24","Activated"
"Rodolfo Castro","PHI","INF","08/20/24","Torn thumb ligament","Activated","09/07/24","11/06/24","09/30/24","Activated"
"A.J. Minter","ATL","RP","08/21/24","Hip surgery","Activated","08/12/24","10/11/24","09/30/24","Activated"
"Ryan Mountcastle","BAL","1B","08/22/24","Sprained wrist","Activated","08/23/24","09/02/24","09/24/24","Activated"
"Nick Lodolo","CIN","SP","08/22/24","Sprained finger (left middle)","Activated","08/24/24","09/08/24","09/30/24","Activated"
"Joan Adon","WSN","RP","08/22/24","Strained shoulder","Activated","08/25/24","10/24/24","09/30/24","Activated"
"Paul Blackburn","NYM","SP","08/23/24","Hand contusion","Activated","08/24/24","10/23/24","09/30/24","Activated"
"Stuart Fairchild","CIN","OF","08/24/24","Sprained thumb","Activated","08/25/24","10/24/24","09/30/24","Activated"
"Jordan Hicks","SFG","RP","08/24/24","Shoulder inflammation","Activated","08/25/24","09/09/24","09/14/24","Activated"
"Willson Contreras","STL","C","08/24/24","Fractured finger (right middle)","Activated","08/25/24","09/04/24","09/30/24","Activated"
"Lucas Gilbreath","COL","RP","08/25/24","Shoulder inflammation","Activated","08/26/24","09/10/24","09/30/24","Activated"
"Cal Quantrill","COL","SP","08/27/24","Triceps inflammation","Activated","08/29/24","09/13/24","09/15/24","Activated"
"Ben Heller","PIT","RP","08/27/24","Shoulder inflammation","Activated","08/28/24","10/27/24","09/30/24","Activated"
"Colin Poche","TBR","RP","08/27/24","Shoulder inflammation","Activated","08/28/24","09/12/24","09/16/24","Activated"
"David Hamilton","BOS","INF","08/28/24","Fractured finger (left index)","Activated","08/29/24","09/08/24","09/30/24","Activated"
"Vinnie Pasquantino","KCR","1B","08/29/24","Fractured thumb (right)","Activated","08/30/24","09/09/24","09/30/24","Activated"
"Alec Bohm","PHI","3B","08/29/24","Strained hand","Activated","09/03/24","09/13/24","09/15/24","Activated"
"Clayton Kershaw","LAD","SP","08/30/24","Toe inflammation","Activated","08/31/24","09/15/24","09/30/24","Activated"
"Joe Kelly","LAD","RP","08/30/24","Shoulder inflammation","Activated","08/31/24","09/15/24","09/18/24","Activated"
"Vidal Bruján","MIA","INF/OF","08/30/24","Sprained shoulder","Activated","08/31/24","09/10/24","09/19/24","Activated"
"Alex Cobb","CLE","SP","09/01/24","Blister (middle finger)","Activated","09/08/24","09/23/24","09/30/24","Activated"
"Bryse Wilson","MIL","RP","09/01/24","Strained oblique","Activated","09/02/24","09/17/24","09/30/24","Activated"
"Austin Hays","PHI","OF","09/01/24","Kidney infection","Activated","09/02/24","09/12/24","09/24/24","Activated"
"Brooks Baldwin","CHW","INF","09/03/24","Sprained wrist","Activated","09/04/24","09/14/24","09/30/24","Activated"
"Javier Báez","DET","SS","09/03/24","Arthroscopic hip surgery","Activated","08/23/24","09/02/24","09/30/24","Activated"
"Ben Joyce","LAA","RP","09/03/24","Shoulder impingement","Activated","09/07/24","09/22/24","09/30/24","Activated"
"Max Meyer","MIA","SP","09/03/24","Shoulder bursitis","Activated","09/04/24","09/19/24","09/30/24","Activated"
"DJ LeMahieu","NYY","INF","09/03/24","Hip impingement","Activated","09/06/24","09/16/24","09/30/24","Activated"
"Kyle Harrison","SFG","SP","09/03/24","Shoulder inflammation","Activated","09/04/24","09/19/24","09/30/24","Activated"
"Derek Hill","MIA","OF","09/04/24","Shoulder impingement","Activated","09/05/24","09/15/24","09/19/24","Activated"
"Calvin Faucher","MIA","RP","09/04/24","Shoulder impingement","Activated","09/05/24","09/20/24","09/30/24","Activated"
"Henry Davis","PIT","C","09/04/24","Hand inflammation (left)","Activated","09/05/24","09/15/24","09/30/24","Activated"
"Kevin Pillar","LAA","OF","09/06/24","Sprained thumb","Activated","09/07/24","09/17/24","09/20/24","Activated"
"Jo Adell","LAA","OF","09/06/24","Strained oblique","Activated","09/07/24","11/06/24","09/30/24","Activated"
"Jeff McNeil","NYM","2B/OF","09/06/24","Fractured wrist (right)","Activated","09/07/24","09/17/24","09/30/24","Activated"
"Ky Bush","CHW","SP","09/07/24","Strained triceps","Activated","09/14/24","09/29/24","09/30/24","Activated"
"Sam Moll","CIN","RP","09/07/24","Shoulder impingement","Activated","09/08/24","09/23/24","09/30/24","Activated"
"Anthony Rendon","LAA","3B","09/07/24","Strained oblique","Activated","09/08/24","09/18/24","09/30/24","Activated"
"Paul Sewald","ARI","RP","09/08/24","Neck discomfort","Activated","09/12/24","09/27/24","09/30/24","Activated"
"Ryne Nelson","ARI","SP","09/08/24","Shoulder inflammation","Activated","09/11/24","09/26/24","09/26/24","Activated"
"Anthony Banda","LAD","RP","09/09/24","Fractured hand (left)","Activated","09/10/24","09/25/24","09/30/24","Activated"
"Reynaldo López","ATL","SP","09/10/24","Shoulder inflammation","Activated","09/11/24","09/26/24","09/28/24","Activated"
"Chas McCormick","HOU","OF","09/10/24","Fractured hand (right)","Activated","09/11/24","09/21/24","09/30/24","Activated"
"Miguel Andujar","OAK","OF","09/10/24","Core muscle surgery","Activated","08/25/24","10/24/24","09/30/24","Activated"
"José Ureña","TEX","RP","09/13/24","Shoulder fatigue","Activated","09/14/24","09/29/24","09/30/24","Activated"
"Corey Seager","TEX","SS","09/13/24","Sports hernia surgery","Activated","09/03/24","11/02/24","09/30/24","Activated"
"Ben Gamel","HOU","OF","09/14/24","Fractured leg (fibula)","Activated","09/15/24","11/14/24","09/30/24","Activated"
"José Marte","LAA","RP","09/14/24","Shoulder surgery","Activated","08/09/24","10/08/24","09/30/24","Activated"
"Jordan Hicks","SFG","RP","09/14/24","Shoulder inflammation","Activated","09/17/24","10/02/24","09/30/24","Activated"
"Austin Barnes","LAD","C","09/15/24","Fractured toe","Activated","09/16/24","09/26/24","09/26/24","Activated"
"Kyle Nicolas","PIT","RP","09/16/24","Strained oblique","Activated","09/17/24","10/02/24","09/30/24","Activated"
"Jordan Wicks","CHC","SP","09/17/24","Strained oblique","Activated","09/18/24","10/03/24","09/30/24","Activated"
"Bo Bichette","TOR","SS","09/17/24","Fractured finger (right middle)","Activated","09/18/24","09/28/24","09/30/24","Activated"
"Sam Hentges","CLE","RP","09/18/24","Shoulder surgery","Activated","07/11/24","09/09/24","09/30/24","Activated"
"Josh Jung","TEX","3B","09/18/24","Wrist tendinitis","Activated","09/21/24","10/01/24","09/30/24","Activated"
"Rafael Devers","BOS","3B","09/20/24","Shoulder inflammation","Activated","09/21/24","10/01/24","09/30/24","Activated"
"Jake Cousins","NYY","RP","09/20/24","Strained pectoral","Activated","09/21/24","10/06/24","09/30/24","Activated"
"Daulton Varsho","TOR","OF","09/21/24","Shoulder surgery (rotator cuff)","Activated","09/14/24","11/13/24","09/30/24","Activated"
"Kenley Jansen","BOS","RP","09/22/24","Shoulder inflammation","Activated","09/23/24","10/08/24","09/30/24","Activated"
"Bryce Miller","SEA","SP","09/23/24","Blister (right index finger)","Activated","09/25/24","10/10/24","09/30/24","Activated"
"Brent Honeywell","LAD","RP","09/24/24","Cracked fingernail","Activated","09/25/24","10/10/24","09/30/24","Activated"
"Brusdar Graterol","LAD","RP","09/24/24","Shoulder inflammation","Activated","09/25/24","10/10/24","09/30/24","Activated"
"Matt Wallner","MIN","OF","09/24/24","Strained oblique","Activated","09/25/24","10/05/24","09/30/24","Activated"
"Josh Sborz","TEX","RP","09/24/24","Shoulder fatigue","Activated","09/25/24","10/10/24","09/30/24","Activated"
"Mark Canha","SFG","OF/1B","09/28/24","Sprained thumb","Activated","09/29/24","10/09/24","09/30/24","Activated"
"Gavin Stone","LAD","SP","10/09/24","Shoulder surgery","Activated","09/03/24","11/02/24","09/30/24","Activated"
"Ha-Seong Kim","SDP","SS","10/10/24","Shoulder surgery (labrum repair)","Activated","08/19/24","08/29/24","09/30/24","Activated"
